Submission ID	Project	Lab	Organism	Status	Data Type	Assay	Tissue	Strain	Cell Line	Stage/Treatment	Antibody	Compound	Platform	RNAi Target	Date Data Submitted	Release Date	GEO/SRA IDs	Name	GFF Files
43	Lieb	Lieb	Caenorhabditis elegans	released	chromatin binding site signal data	ChIP-chip	whole organism	N2		proliferating embryo	worm_genes:htz-1		Nimblegen		2008-09-10	2010-02-11	GSM257465	HTZ-1_N2_Mixed_Embryos (BK00001_HTZ1_N2_MXEMB)	computed_peaks/HTZIP_chipotle_peaks_WS180.gff3
44	Lieb	Lieb	Caenorhabditis elegans	released	chromatin binding site signal data	ChIP-chip	whole organism	N2		proliferating embryo	worm_genes:ama-1		Nimblegen		2008-09-10	2010-02-17	GSM257637	POL-2_N2_Mixed_Embryos (CVMMS126R_8WG16_N2_MXEMB)	
90	Lieb	Lieb	Caenorhabditis elegans	released	chromatin binding site signal data	ChIP-chip	whole organism	N2		proliferating embryo	worm_genes:dpy-27		Nimblegen		2008-09-21	2009-12-04	GSM147959	DPY-27_N2_Mixed_Embryos (JL00001_DPY27_N2_MXEMB)	computed_peaks/DPY27_peaks.gff
127	Lieb	Lieb	Caenorhabditis elegans	released	chromatin binding site signal data	ChIP-chip	whole organism	N2		proliferating embryo	worm_genes:sdc-3		Nimblegen		2008-09-30	2009-12-04	GSM147967	SDC-3_N2_Mixed_Embryos_(JL00002_SDC3_N2_MXEMB)	computed_peaks/SDC3_chrX_peaks.gff
174	Lieb	Desai	Caenorhabditis elegans	released	chromatin binding site signal data	ChIP-chip	whole organism	N2		proliferating embryo	worm_genes:ama-1		Nimblegen		2008-06-02	2010-02-15		POL-2_CTD_Mixed_Embryos (ABAB5408_4H8_N2_MXEMB)	computed_peaks/ABAB5408_4H8_N2_MXEMB_peaks.gff
175	Lieb	Ahringer	Caenorhabditis elegans	released	chromatin binding site signal data	ChIP-chip	whole organism	N2		L3 larva	trimethylated Lys-36 of histone H3		Nimblegen		2009-01-04	2010-02-16		Histone_H3K36me3_from_N2_L3_larvae_(AB9050_H3K36ME3_N2_L3)	
176	Lieb	Ahringer	Caenorhabditis elegans	released	chromatin binding site signal data	ChIP-chip	whole organism	N2		L3 larva	Trimethylated Lys-4 of histone H3		Nimblegen		2009-01-04	2010-02-16		Histone_H3K4me3_from_N2_L3_larvae_(AR0169_H3K4me3_N2_L3)	
179	Lieb	Ahringer	Caenorhabditis elegans	released	chromatin binding site signal data	ChIP-chip	whole organism	N2		L3 larva	na		Nimblegen		2009-01-04	2010-02-17		Negative_control_antibody_from_N2_L3_larvae_(JA00002_IGG_N2_L3)	
188	Lieb	Ahringer	Caenorhabditis elegans	released	chromatin binding site signal data	ChIP-chip	whole organism	N2		L3 larva	Trimethylated Lys-9 on histone H3		Nimblegen		2009-01-04	2010-02-17		Histone_H3K9me3_from_N2_L3_larvae_(UP07442_H3K9ME3_N2_L3)	
194	Lieb	Desai	Caenorhabditis elegans	released	chromatin binding site signal data	ChIP-chip	whole organism	N2		proliferating embryo	worm_genes:hcp-3		Nimblegen		2009-01-04	2010-02-17	, GSE15064, GSM376935, GSM376936, GSM376937, GSM376938, GSM376939, GSM376940, GSM376941, GSM376942, GSM376943	HCP-3_CENP-A_Mixed_Embryos_(OD00001_HCP3_N2_MXEMB)	
195	Lieb	Strome	Caenorhabditis elegans	released	chromatin binding site signal data	ChIP-chip	whole organism	MES4FLAG		blastula embryo, gastrulating embryo	FLAG		Nimblegen		2009-01-04	2009-02-02	, GSE16133, GSM403975, GSM403976, GSM403977, GSM403978, GSM403979, GSM403980, GSM403981, GSM403982, GSM403983	MES-4_FLAG_Early_Embryos_(SGF3165_FLAG_MES4FLAG_EEMB)	computed_peaks/SGF3165_FLAG_MES4FLAG_EEMB_peaks.gff
202	Lieb	Strome	Caenorhabditis elegans	released	chromatin binding site signal data	ChIP-chip	whole organism	MES4FLAG		blastula embryo, gastrulating embryo	No Antibody Control		Nimblegen		2009-01-15	2009-12-04		NA_MES4FLAG_EEMB	
334	Lieb	Lieb	Caenorhabditis elegans	released	chromatin binding site signal data	ChIP-chip	whole organism	N2		proliferating embryo	worm_genes:dpy-26		Nimblegen		2009-02-17	2009-03-17	GSE16132, GSM403972, GSM403972, GSM403973, GSM403974	DPY-26_N2_Mixed_Embryos_(JL00003_DPY26_N2_MXEMB)	
336	Lieb	Lieb	Caenorhabditis elegans	released	chromatin binding site signal data	ChIP-chip	whole organism	N2		proliferating embryo	worm_genes:mix-1		Nimblegen		2009-02-19	2009-03-22	GSE16268, GSM409467, GSM409467, GSM409468, GSM409469	MIX-1_N2_Mixed_Embryos_(JL00004_MIX1_N2_MXEMB)	
338	Lieb	Lieb	Caenorhabditis elegans	released	chromatin binding site signal data	ChIP-chip	whole organism	N2		proliferating embryo	worm_genes:sdc-2		Nimblegen		2009-02-24	2009-03-24		SDC-2_N2_Mixed_Embryos (JL00005_SDC2_N2_MXEMB)	computed_peaks/JL00005_SDC2_N2_MXEMB_peaks.gff
445	Waterston	Green	Caenorhabditis elegans	released	splice sites, alignments, trace reads, EST alignments	RTPCR	whole organism	N2		L1 larva, L2 larva, L3 larva, L4 larva, adult, all stages, dauer larva, embryo			N/A		2008-12-02	2009-01-25		C. elegans Intron Identification.set.20090106.2_3_2_2_3_2_2_2_2	set.20090106.2_3_2_2_3_2_2_2_2.gff
446	Waterston	Green	Caenorhabditis elegans	released	splice sites, alignments, trace reads, EST alignments	RACE	whole organism	N2		L1 larva, L2 larva, L3 larva, L4 larva, adult, all stages, dauer larva, embryo			N/A		2008-12-02	2009-01-25		C. elegans Intron Identification set.20090106.2_3_2_2_4_4_3_2_2	set.20090106.2_3_2_2_4_4_3_2_2.gff
447	Waterston	Green	Caenorhabditis elegans	released	splice sites, alignments, trace reads, EST alignments	RACE	whole organism	N2		L1 larva, L2 larva, L3 larva, L4 larva, adult, all stages, dauer larva, embryo			N/A		2008-12-02	2009-01-31		C. elegans Intron Identification set.20090106.2_3_2_2_5_3_3_2_2	set.20090106.2_3_2_2_5_3_3_2_2.gff
448	Waterston	Green	Caenorhabditis elegans	released	splice sites, alignments, trace reads, EST alignments	RACE	whole organism	N2		L1 larva, L2 larva, L3 larva, L4 larva, adult, all stages, dauer larva, embryo			N/A		2008-12-08	2009-01-25		C. elegans Intron Identification set.20090106.2_3_2_2_4_3_3_2_2	set.20090106.2_3_2_2_4_3_3_2_2.gff
455	Waterston	Miller	Caenorhabditis elegans	released	transcript fragments, signal data	RNA tiling array	neuron	NW1229		embryo			Affymetrix		2009-03-23	2009-11-04		embryo panneural tiling array	emb-panneural_tars_maxgap30_minrun100_thresh8.26.gff3
456	Waterston	Miller	Caenorhabditis elegans	released	transcript fragments, signal data	RNA tiling array	embryonic cell, organism	N2		embryo			Affymetrix		2009-03-23	2009-11-04		embryo all cells reference tiling array	emb-reference_tars_maxgap30_minrun100_thresh8.60.gff3
457	Waterston	Miller	Caenorhabditis elegans	released	transcript fragments, signal data	RNA tiling array	intestinal cell	JR1130		embryo			Affymetrix		2009-03-23	2009-11-04		embryo intestine tiling array	emb-intestine_tars_maxgap30_minrun100_thresh6.96.gff3
458	Waterston	Miller	Caenorhabditis elegans	released	transcript fragments, signal data	RNA tiling array	coelomocyte	TV1112		embryo			Affymetrix		2009-03-23	2009-11-04		embryo coelomocytes tiling array	emb-coelomocytes_tars_maxgap30_minrun100_thresh7.60.gff3
459	Waterston	Miller	Caenorhabditis elegans	released	transcript fragments, signal data	RNA tiling array	AVA	NC1749		embryo			Affymetrix		2009-03-23	2009-11-04		embryo AVA neurons tiling array	emb-AVA_tars_maxgap30_minrun100_thresh9.17.gff3
460	Waterston	Miller	Caenorhabditis elegans	released	transcript fragments, signal data	ChIP-chip	PVD, OLL	NC1021		L3-L4 molt	ser-2		Affymetrix		2009-03-23	2009-11-19		L3-L4 PVD & OLL neurons tiling array	L3-L4-PVD_OLL_tars_maxgap30_minrun100_thresh7.00.gff3
461	Waterston	Miller	Caenorhabditis elegans	released	transcript fragments, signal data	ChIP-chip	organism	N2		L2 larva	FLAG		Affymetrix		2009-03-23	2009-11-19		L2 reference (mockIP) tiling array	L2-reference_tars_maxgap30_minrun100_thresh9.34.gff3
462	Waterston	Miller	Caenorhabditis elegans	released	transcript fragments, signal data	ChIP-chip	neuron	SD1241		L2 larva	F25B3.3		Affymetrix		2009-03-23	2009-11-19		L2 panneural tiling array	L2-panneural_tars_maxgap30_minrun100_thresh6.42.gff3
463	Waterston	Miller	Caenorhabditis elegans	released	transcript fragments, signal data	ChIP-chip	intestine	SD1084		L2 larva	ges-1		Affymetrix		2009-03-23	2009-11-19		L2 intestine tiling array	L2-intestine_tars_maxgap30_minrun100_thresh7.88.gff3
464	Waterston	Miller	Caenorhabditis elegans	released	transcript fragments, signal data	ChIP-chip	excretory cell	NC1598		L2 larva	clh-4		Affymetrix		2009-03-23	2009-11-19		L2 excretory cell tiling array	L2-excretory_cell_tars_maxgap30_minrun100_thresh9.16.gff3
465	Waterston	Miller	Caenorhabditis elegans	released	transcript fragments, signal data	ChIP-chip	body wall muscle cell	SD1075		L2 larva	myo-3		Affymetrix		2009-03-23	2009-11-19		L2 body wall muscle tiling array	L2-bwm_tars_maxgap30_minrun100_thresh7.60.gff3
466	Waterston	Miller	Caenorhabditis elegans	released	transcript fragments, signal data	ChIP-chip	AVL, DVB, RME, RIS, DD1, DD2, DD3, DD4, DD5, DD6, VD1, VD2, VD3, VD4, VD5, VD6, VD7, VD8, VD9	NC1627		L2 larva	C04G2.1		Affymetrix		2009-03-23	2009-11-19		L2 GABA neurons tiling array	L2-GABA_neurons_tars_maxgap30_minrun100_thresh9.50.gff3
467	Waterston	Miller	Caenorhabditis elegans	released	transcript fragments, signal data	RNA tiling array	ADE, CEP, dopaminergic neuron	BY200		embryo			Affymetrix		2009-03-23	2009-11-04		embryo dopaminergic neurons tiling array	emb-dop_tars_maxgap30_minrun100_thresh9.17.gff3
468	Waterston	Miller	Caenorhabditis elegans	released	transcript fragments, signal data	RNA tiling array	GABAergic neuron, DD neuron, RME, RIS, AVL	CZ1200		embryo			Affymetrix		2009-03-23	2009-11-04		embryo GABA motor neurons tiling array	emb-GABA_tars_maxgap30_minrun100_thresh9.37.gff3
469	Waterston	Miller	Caenorhabditis elegans	released	transcript fragments, signal data	ChIP-chip	DA neuron, VA neuron, SAB, AVF, pharyngeal neuron, I5	NC694		L2 larva	unc-119		Affymetrix		2009-03-23	2009-11-19		L2 A-class neuron tiling array	L2-A-class_tars_maxgap30_minrun100_thresh9.25.gff3
470	Waterston	Miller	Caenorhabditis elegans	released	transcript fragments, signal data	RNA tiling array	body wall muscle cell	PD4251		embryo			Affymetrix		2009-03-23	2009-03-23		embryo body wall muscle tiling array (v2)	emb-bwm-v2_tars_maxgap30_minrun100_thresh8.65.gff3
472	Waterston	Reinke	Caenorhabditis elegans	released	transcript fragments, signal data	RNA tiling array	whole organism	N2		L2 larva			Affymetrix		2009-03-23	2009-08-03		L2 25dC 14hrs post-L1 N2 tiling array	L2_tars_maxgap30_minrun100_thresh5.59.gff3
473	Waterston	Reinke	Caenorhabditis elegans	released	transcript fragments, signal data	RNA tiling array	whole organism	N2		L4 larva			Affymetrix		2009-03-23	2009-08-03		L4 25dC 36hrs post-L1 N2 tiling array	L4_tars_maxgap30_minrun100_thresh5.75.gff3
474	Waterston	Reinke	Caenorhabditis elegans	released	transcript fragments, signal data	RNA tiling array	whole organism	N2		L3 larva			Affymetrix		2009-03-23	2009-08-03		L3 25dC 25hrs post-L1 N2 tiling array	L3_tars_maxgap30_minrun100_thresh5.82.gff3
475	Waterston	Reinke	Caenorhabditis elegans	released	transcript fragments, signal data	RNA tiling array	whole organism	N2		newly molted young adult hermaphrodite			Affymetrix		2009-03-23	2009-08-03		young adult 25dC 42hrs post-L1 N2 tiling array	YA_tars_maxgap30_minrun100_thresh5.95.gff3
476	Waterston	Reinke	Caenorhabditis elegans	released	transcript fragments, signal data	RNA tiling array	whole organism	N2		blastula embryo, gastrulating embryo			Affymetrix		2009-03-23	2009-08-03		early embryo 20dC 0-4hrs post-fertilization N2 tiling array	N2EE_tars_maxgap30_minrun100_thresh6.26.gff3
477	Waterston	Reinke	Caenorhabditis elegans	released	transcript fragments, signal data	RNA tiling array	whole organism	N2		L2 larva			Affymetrix		2009-03-23	2009-08-03		L2 polyA enriched 20dC 14hrs post-L1 N2 tiling array	L2poA_tars_maxgap30_minrun100_thresh9.12.gff3
478	Waterston	Reinke	Caenorhabditis elegans	released	transcript fragments, signal data	RNA tiling array	whole organism	CB4689		L4 larva male			Affymetrix		2009-03-23	2009-08-03		male L4 25dC 36hrs post-L1 CB4689 tiling array	MALE_tars_maxgap30_minrun100_thresh6.46.gff3
479	Waterston	Reinke	Caenorhabditis elegans	released	transcript fragments, signal data	RNA tiling array	whole organism	N2		elongating embryo, enclosing embryo, fully-elongated embryo, late cleavage stage embryo			Affymetrix		2009-03-23	2009-08-03		late embryo 20dC 6-12hrs post-fertilization N2 tiling array	N2LE_tars_maxgap30_minrun100_thresh6.48.gff3
481	Waterston	Reinke	Caenorhabditis elegans	released	transcript fragments, signal data	RNA tiling array	hermaphrodite gonad	N2		newly molted young adult hermaphrodite			Affymetrix		2009-03-23	2009-08-03		gonad from young adult 20dC 42hrs post-L1 N2 tiling array	GON_tars_maxgap30_minrun100_thresh7.11.gff3
484	Waterston	Reinke	Caenorhabditis elegans	released	transcript fragments, signal data	RNA tiling array	whole organism	N2		L1 larva			Affymetrix		2009-03-23	2009-03-24		L1 20dC 0hrs post-L1 N2 tiling array	L1-NDT_tars_maxgap30_minrun100_thresh7.64.gff3
485	Waterston	Reinke	Caenorhabditis elegans	released	transcript fragments, signal data	RNA tiling array	whole organism	JK1107		L4 larva			Affymetrix		2009-03-23	2009-03-24		soma-only mid-L4 25dC 36hrs post-L1 JK1107 tiling array	JKL4-NDT_tars_maxgap30_minrun100_thresh5.39.gff3
486	Waterston	Reinke	Caenorhabditis elegans	released	transcript fragments, signal data	RNA tiling array	whole organism	N2		newly molted young adult hermaphrodite			Affymetrix		2009-03-23	2009-08-03		pathogen Pluminscens 25dC 24hr exposure post-adulthood N2 tiling array	Pl-24_tars_maxgap30_minrun100_thresh7.08.gff3
487	Waterston	Reinke	Caenorhabditis elegans	released	transcript fragments, signal data	RNA tiling array	whole organism	N2		newly molted young adult hermaphrodite			Affymetrix		2009-03-23	2009-08-03		pathogen Efaecalis 25dC 24hr exposure post-adulthood N2 tiling array	Ef-24_tars_maxgap30_minrun100_thresh7.13.gff3
488	Waterston	Reinke	Caenorhabditis elegans	released	transcript fragments, signal data	RNA tiling array	whole organism	N2		newly molted young adult hermaphrodite			Affymetrix		2009-03-23	2009-08-03		pathogen Smarcescens 25dC 48hr exposure post-adulthood N2 tiling array	Db-48_tars_maxgap30_minrun100_thresh7.33.gff3
489	Waterston	Reinke	Caenorhabditis elegans	released	transcript fragments, signal data	RNA tiling array	whole organism	N2		newly molted young adult hermaphrodite			Affymetrix		2009-03-23	2009-08-03		pathogen Smarcescens 25dC 24hr exposure post-adulthood N2 tiling array	Db-24_tars_maxgap30_minrun100_thresh5.95.gff3
490	Waterston	Reinke	Caenorhabditis elegans	released	transcript fragments, signal data	RNA tiling array	whole organism	N2		newly molted young adult hermaphrodite			Affymetrix		2009-03-23	2009-08-03		pathogen control OP50 25dC 48hr exposure post-adulthood N2 tiling array	OP50-48_tars_maxgap30_minrun100_thresh6.06.gff3
491	Waterston	Reinke	Caenorhabditis elegans	released	transcript fragments, signal data	RNA tiling array	whole organism	N2		newly molted young adult hermaphrodite			Affymetrix		2009-03-23	2009-08-03		pathogen control OP50 25dC 24hr exposure post-adulthood N2 tiling array	OP50-24_tars_maxgap30_minrun100_thresh5.57.gff3
515	Piano	Piano	Caenorhabditis elegans	released	transcription/coding junctions, alignments, trace reads, gene models, EST alignments, three_prime_UST, three_prime_RACE_clone, polyA_site, three_prime_RST	RTPCR, RACE, Computational annotation	whole organism	N2		L1 larva, L2 larva, L3 larva, L4 larva, adult, embryo, larva			N/A		2009-04-21	2009-05-13		3'UTRome CEUP1 sequences, alignments, annotation	UTRome_ABI.WS180.CEUP1.20090422.gff3
553	Lieb	Lieb	Caenorhabditis elegans	released	chromatin binding site signal data	ChIP-chip	whole organism	N2		proliferating embryo	worm_genes:sdc-3		Nimblegen		2009-05-05	2009-05-29		SDC-3_N2_MXEMB_1A_(JL00002_SDC3_N2_MXEMB_1_A)	
575	Lieb	Lieb	Caenorhabditis elegans	released	chromatin binding site signal data	ChIP-chip	whole organism	N2		proliferating embryo	worm_genes:sdc-3		Nimblegen		2009-05-06	2009-05-29		SDC-3_N2_MXEMB_1B_(JL00002_SDC3_N2_MXEMB_1_B)	
578	Lieb	Lieb	Caenorhabditis elegans	released	chromatin binding site signal data	ChIP-chip	whole organism	N2		proliferating embryo	worm_genes:dpy-27		Nimblegen		2009-05-07	2009-05-29		DPY-27_N2_MXEMB_1A_(JL00001_DPY27_N2_MXEMB_1_A)	
582	Snyder	Snyder	Caenorhabditis elegans	released	chromatin binding site signal data	ChIP-seq	whole organism	OP37		embryo	pha-4		N/A		2009-05-27	2009-05-28	GSM363861	Snyder_PHA4_GFP_emb	Snyder_PHA4_GFP_emb_combined_peaks.GFF3
584	Snyder	Snyder	Caenorhabditis elegans	released	chromatin binding site signal data	ChIP-seq	whole organism	OP37		L1 larva	pha-4		N/A		2009-05-27	2009-06-02	GSM363863	Snyder_PHA4_StarvedL1_GFP	Snyder_PHA4_GFP_Starved-L1_combined_peaks.GFF3
585	Snyder	Snyder	Caenorhabditis elegans	released	chromatin binding site signal data	ChIP-seq	whole organism	OP37		L1 larva	pha-4		N/A		2009-05-27	2009-06-02		Snyder_PHA4_GFP_FedL1	Snyder_PHA4_GFP_FedL1_combined_peaks.GFF3
586	Snyder	Snyder	Caenorhabditis elegans	released	chromatin binding site signal data	ChIP-seq	whole organism	OP37		embryo	pha-4		N/A		2009-05-27	2009-06-02	GSM363861	Snyder_PHA4_POLII_emb	Snyder_PHA4_POLII_emb_combined_peaks.GFF3
587	Snyder	Snyder	Caenorhabditis elegans	released	chromatin binding site signal data	ChIP-seq	whole organism	OP37		L1 larva	pha-4		N/A		2009-05-27	2009-06-02		Snyder_PHA4_POLII_FedL1	Snyder_PHA4_POLII_FedL1_combined_peaks.GFF3
588	Snyder	Snyder	Caenorhabditis elegans	released	chromatin binding site signal data	ChIP-seq	whole organism	OP37		L1 larva	pha-4		N/A		2009-05-27	2009-06-02	GSM363863	Snyder_PHA4_StarvedL1_POLII	Snyder_PHA4_POLII_Starved-L1_combined_peaks.GFF3
589	Snyder	Snyder	Caenorhabditis elegans	released	chromatin binding site signal data	ChIP-seq	whole organism	OP34		L4 larva, L4-adult molt, newly molted young adult hermaphrodite	ama-1		N/A		2009-05-27	2009-05-29	GSM389310	Snyder_AMA1_GFP_L4YA	Snyder_AMA1_GFP_L4YA_combined_peaks.GFF3
590	Snyder	Snyder	Caenorhabditis elegans	released	chromatin binding site signal data	ChIP-seq	whole organism	OP34		L4 larva, L4-adult molt, newly molted young adult hermaphrodite	ama-1		N/A		2009-05-27	2009-05-29	GSM389310	Snyder_AMA1_POLII_L4YA	Snyder_AMA1_POLII_L4YA_combined_peaks.GFF3
591	Snyder	Snyder	Caenorhabditis elegans	released	chromatin binding site signal data	ChIP-seq	whole organism	TJ356		L4 larva, L4-adult molt, newly molted young adult hermaphrodite	daf-16		N/A		2009-05-27	2009-06-02	GSM389648	Snyder_DAF16_GFP_L4YA	Snyder_DAF16_GFP_L4YA_combined_peaks.GFF3
592	Snyder	Snyder	Caenorhabditis elegans	released	chromatin binding site signal data	ChIP-seq	whole organism	TJ356		L4 larva, L4-adult molt, newly molted young adult hermaphrodite	daf-16		N/A		2009-05-27	2009-06-02	GSM389648	Snyder_DAF16_POLII_L4YA	Snyder_DAF16_POLII_L4YA_combined_peaks.GFF3
593	Snyder	Snyder	Caenorhabditis elegans	released	chromatin binding site signal data	ChIP-seq	whole organism	OP26		L3 larva	mab-5		N/A		2009-05-27	2009-05-29	GSM391227	Snyder_MAB5_GFP_L3	Snyder_MAB5_GFP_L3_combined_peaks.GFF3
594	Snyder	Snyder	Caenorhabditis elegans	released	chromatin binding site signal data	ChIP-seq	whole organism	OP26		L3 larva	mab-5		N/A		2009-05-27	2009-05-29		Snyder_MAB5_POLII_L3	Snyder_MAB5_POLII_L3_combined_peaks.GFF3
599	Lieb	Lieb	Caenorhabditis elegans	released	chromatin binding site signal data	ChIP-chip	whole organism	N2		L4 larva	worm_genes:ama-1		Nimblegen		2009-06-08	2009-07-24		POL-2_N2_L4_(CVMMS126R_8WG16_N2_L4)	
630	Lieb	Lieb	Caenorhabditis elegans	released	chromatin binding site signal data	ChIP-chip	whole organism	N2		L4 larva	worm_genes:dpy-27		Nimblegen		2009-06-11	2009-07-24		DPY-27_N2_L4(JL00001_DPY27_N2_L4)	
634	Waterston	Slack	Caenorhabditis elegans	released	alignments	RNA-seq	whole organism	N2		embryo			N/A		2009-06-15	2009-06-23	GSM336052	small RNA N2 embryos RNA-seq	
635	Waterston	Slack	Caenorhabditis elegans	released	alignments	RNA-seq	whole organism	N2		L1 larva			N/A		2009-06-15	2009-06-23	GSM336055	small RNA N2 mid-L1 RNA-seq	
636	Waterston	Slack	Caenorhabditis elegans	released	alignments	RNA-seq	whole organism	N2		L2 larva			N/A		2009-06-15	2009-06-23	GSM336056	small RNA N2 mid-L2 RNA-seq	
637	Waterston	Slack	Caenorhabditis elegans	released	alignments	RNA-seq	whole organism	N2		L3 larva			N/A		2009-06-15	2009-06-23	GSM336058	small RNA N2 mid-L3 RNA-seq	
638	Waterston	Slack	Caenorhabditis elegans	released	alignments	RNA-seq	whole organism	N2		L4 larva			N/A		2009-06-15	2009-06-23	GSM336059	small RNA N2 mid-L4 RNA-seq	
639	Waterston	Slack	Caenorhabditis elegans	released	alignments	RNA-seq	whole organism	N2		newly molted young adult hermaphrodite			N/A		2009-06-15	2009-06-23	GSM336060	small RNA N2 young adult RNA-seq	
640	Waterston	Slack	Caenorhabditis elegans	released	alignments	RNA-seq	whole organism	CB4689		adult male			N/A		2009-06-15	2009-06-23	GSM336086	small RNA him-8 males RNA-seq	
644	Lieb	Lieb	Caenorhabditis elegans	released	chromatin binding site signal data	ChIP-chip	whole organism	N2		proliferating embryo	worm_genes:dpy-28		Nimblegen		2009-06-16	2009-08-31		DPY-28_N2_MXEMB_(JL00012_DPY28_N2_MXEMB)	
645	Lieb	Lieb	Caenorhabditis elegans	released	chromatin binding site signal data	ChIP-chip	whole organism	N2		proliferating embryo	worm_genes:sdc-2, worm_genes:sdc-2		Nimblegen		2009-06-17	2009-08-04		SDC-2_N2_MXEMB_(SDQ3146_SDC2_N2_MXEMB)	
654	Waterston	Miller	Caenorhabditis elegans	released	transcript fragments, signal data	RNA tiling array	DA neuron, SAB, I5	NC300		embryo			Affymetrix		2009-06-22	2009-11-04		embryo A-class motor neurons tiling array	emb-A-class_tars_maxgap30_minrun100_thresh8.81.gff3
655	Waterston	Miller	Caenorhabditis elegans	released	transcript fragments, signal data	ChIP-chip	dopaminergic neuron	NC1700		L3-L4 molt	dat-1		Affymetrix		2009-06-22	2009-11-19		L3-L4 dopaminergic neuron tiling array	L3-L4-dop_tars_maxgap30_minrun100_thresh10.14.gff3
656	Waterston	Miller	Caenorhabditis elegans	released	transcript fragments, signal data	ChIP-chip	organism	N2		newly molted young adult hermaphrodite	FLAG		Affymetrix		2009-06-22	2009-11-19		Young Adult reference (mockIP) tiling array	YA-ref_tars_maxgap30_minrun100_thresh9.66.gff3
657	Waterston	Miller	Caenorhabditis elegans	released	transcript fragments, signal data	ChIP-chip	coelomocyte	NC1668		L2 larva	unc-122		Affymetrix		2009-06-22	2009-11-19		L2 coelomocytes tiling array	L2-coelomocytes_tars_maxgap30_minrun100_thresh9.13.gff3
658	Waterston	Miller	Caenorhabditis elegans	released	transcript fragments, signal data	ChIP-chip	RMD, SMD, URY, AIB, AVA, AVB, AVD, AVE, AVG, PVC, PVQ, RIM	NC1842		L2 larva	glr-1		Affymetrix		2009-06-22	2009-11-19		L2 glutamate receptor expressing neurons tiling array	L2-glr_tars_maxgap30_minrun100_thresh9.98.gff3
659	Waterston	Miller	Caenorhabditis elegans	released	transcript fragments, signal data	ChIP-chip	organism	N2		L3-L4 molt	FLAG		Affymetrix		2009-06-22	2009-11-19		L3-L4 reference (mockIP) tiling array	L3-L4-reference_tars_maxgap30_minrun100_thresh8.52.gff3
660	Waterston	Miller	Caenorhabditis elegans	released	transcript fragments, signal data	ChIP-chip	CEPshDR, CEPshVR, CEPshVL	OS3991		newly molted young adult hermaphrodite	hlh-17		Affymetrix		2009-06-22	2009-11-19		Young Adult Cephalic sheath (CEPsh) tiling array	YA-CEPsh_tars_maxgap30_minrun100_thresh8.38.gff3
661	Waterston	Miller	Caenorhabditis elegans	released	transcript fragments, signal data	RNA tiling array	germ line precursor cell	SS747		embryo			Affymetrix		2009-06-22	2009-11-04		embryo germline precursor cells tiling array	emb-GLP_tars_maxgap30_minrun100_thresh7.83.gff3
662	Waterston	Miller	Caenorhabditis elegans	released	transcript fragments, signal data	RNA tiling array	hypodermal cell	DM8001		embryo			Affymetrix		2009-06-22	2009-11-04		embryo hypodermal cells tiling array	emb-hypodermis_tars_maxgap30_minrun100_thresh7.75.gff3
663	Lieb	Strome	Caenorhabditis elegans	released	chromatin binding site signal data	ChIP-chip	whole organism	N2		blastula embryo, gastrulating embryo	worm_genes:ama-1		Nimblegen		2009-06-26	2010-02-17		Pol_II_CTD_N2_EEMB_(ABAB817_8WG16_N2_EEMB)	
691	Lieb	Strome	Caenorhabditis elegans	released	chromatin binding site signal data	ChIP-chip	whole organism	N2		blastula embryo, gastrulating embryo	Trimethylated Lys-9 on histone H3		Nimblegen		2009-07-06	2010-02-17		Histone_H3K9me3_N2_EEMB_1_(UP07442_H3K9ME3_N2_EEMB)	
693	Lieb	Lieb	Caenorhabditis elegans	released	chromatin binding site signal data	ChIP-chip	whole organism	YPT40		proliferating embryo	worm_genes:dpy-27		Nimblegen		2009-07-08	2010-02-17		DPY27_11DH(I;X)_MXEMB(JL00001_DPY27_11DH_MXEMB)	
695	Lieb	Lieb	Caenorhabditis elegans	released	chromatin binding site signal data	ChIP-chip	whole organism	YPT41		proliferating embryo	worm_genes:dpy-27		Nimblegen		2009-07-08	2010-02-17		DPY27_YPT41(II;X)_MXEMB(JL00001_DPY27_YPT41_MXEMB)	
696	Lieb	Lieb	Caenorhabditis elegans	released	chromatin binding site signal data	ChIP-chip	whole organism	YPT47		proliferating embryo	worm_genes:dpy-27		Nimblegen		2009-07-09	2009-08-04		DPY27_YPT47(V;X)_MXEMB(JL00001_DPY27_YPT47_MXEMB)	
701	Lieb	Lieb	Caenorhabditis elegans	released	chromatin binding site signal data	ChIP-chip	whole organism	YPT47		proliferating embryo	worm_genes:sdc-3		Nimblegen		2009-07-10	2009-08-04		SDC3_YPT47(V;X)_MXEMB(JL00002_SDC3_YPT47_MXEMB)	
734	Snyder	Snyder	Caenorhabditis elegans	released	chromatin binding site signal data	ChIP-seq	whole organism	OP73		L2 larva	Enhanced Green Fluorescent Protein		N/A		2009-07-20	2009-11-28	GSM435293	Snyder_CEH-14_GFP_L2	Snyder_CEH-14_GFP_L2_combined_peaks.GFF3
896	Piano	Piano	Caenorhabditis elegans	released	raw sequences	RNA-seq	whole organism	N2		L1 larva, L2 larva, L3 larva, L4 larva, adult, embryo			N/A		2009-09-04	2009-11-04	GSM443959	3'UTR 454 sequencing pilot - Level 1	
897	Lieb	Strome	Caenorhabditis elegans	released	chromatin binding site signal data	ChIP-chip	whole organism	N2		blastula embryo, gastrulating embryo	worm_genes:mrg-1		Nimblegen		2009-09-07	2009-11-27		MRG-1_N2_EEMB_(SDQ0790_MRG1_N2_EEMB)	
909	Lieb	Strome	Caenorhabditis elegans	released	chromatin binding site signal data	ChIP-chip	whole organism	N2		blastula embryo, gastrulating embryo	H3K36me3		Nimblegen		2009-09-07	2009-11-27		Histone_H3K36me2_N2_EEMB_(HK00012_H3K36ME22C3_N2_EEMB)	
911	Lieb	Strome	Caenorhabditis elegans	released	chromatin binding site signal data	ChIP-chip	whole organism	N2		blastula embryo, gastrulating embryo	worm_genes:mes-4		Nimblegen		2009-09-07	2009-11-27		MES-4_N2_EEMB_(SDQ0791_MES4_N2_EEMB)	
973	Lieb	Strome	Caenorhabditis elegans	released	chromatin binding site signal data	ChIP-chip	whole organism	N2		blastula embryo, gastrulating embryo	H3K36me3		Nimblegen		2009-09-07	2009-11-27		Histone_H3K36me3_N2_EEMB_(HK00001_H3K36ME313C9_N2_EEMB)	
982	Lieb	Strome	Caenorhabditis elegans	released	chromatin binding site signal data	ChIP-chip	whole organism	N2		blastula embryo, gastrulating embryo	H3K9me3		Nimblegen		2009-09-07	2009-09-07		Histone_H3K9me3_N2_EEMB_2_(HK00009_H3K9ME32F3_N2_EEMB)	
992	Piano	Piano	Caenorhabditis elegans	released	alignments	Alignment	whole organism	N2		L1 larva, L2 larva, L3 larva, L4 larva, adult, embryo			N/A		2009-09-04	2009-11-16	GSM443959	3' UTR 454 sequencing pilot - alignments	
2304	Waterston	Green	Caenorhabditis elegans	released	splice sites, alignments, trace reads, EST alignments	RACE	whole organism	N2		L1 larva, L2 larva, L3 larva, L4 larva, adult, all stages, dauer larva, embryo			N/A		2009-09-21	2009-09-27		Intron Confirmation Chromosome II 2009-09-21	set.20090921.2_3_2_2_4_3_3_2_2.ws180.gff
2311	Lieb	Strome	Caenorhabditis elegans	released	chromatin binding site signal data	ChIP-chip	whole organism	N2		blastula embryo, gastrulating embryo	H3K4me3		Nimblegen		2009-09-07	2009-11-27		Histone_H3K4me3_N2_EEMB_(WA30534819_H3K4ME3_N2_EEMB)	
2312	Lieb	Strome	Caenorhabditis elegans	released	chromatin binding site signal data	ChIP-chip	whole organism	N2		blastula embryo, gastrulating embryo	histone H3		Nimblegen		2009-09-23	2009-11-27		Histone_H3_N2_EEMB_1_(AR0144_H3144_N2_EEMB)	
2313	Lieb	Strome	Caenorhabditis elegans	released	chromatin binding site signal data	ChIP-chip	whole organism	N2		blastula embryo, gastrulating embryo	Histone H3		Nimblegen		2009-09-24	2009-11-27		Histone_H3_N2_EEMB_2_(AB1791_H3609253_N2_EEMB)	
2321	Waterston	Waterston	Caenorhabditis elegans	released	alignments, signal data	RNA-seq	whole organism	N2		blastula embryo, gastrulating embryo			N/A		2009-09-29	2009-11-16	SRX004863, SRX004864	RNAseq - early embryo sequences & alignments	
2324	Waterston	Waterston	Caenorhabditis elegans	released	alignments, signal data	RNA-seq	whole organism	N2		elongating embryo, enclosing embryo, fully-elongated embryo, late cleavage stage embryo			N/A		2009-09-29	2009-11-16	SRX004865, SRX004866	RNAseq - late embryo 20dC 4.5hrs post-early embryo sequences & alignments	
2325	Waterston	Waterston	Caenorhabditis elegans	released	alignments, signal data	RNA-seq	whole organism	CB4689		L4 larva male			N/A		2009-09-29	2009-11-16	SRX004868	RNAseq - male mid-L4 dpy28(y1);him-8(e1489) 25dC 30hrs post-L1 sequences & alignments	
2326	Waterston	Waterston	Caenorhabditis elegans	released	alignments, signal data	RNA-seq	whole organism	N2		L1 larva			N/A		2009-09-29	2009-11-16	SRX004867	RNAseq - mid-L1 20dC 4hrs post-L1 sequences & alignments	
2327	Piano	Piano	Caenorhabditis elegans	released	alignments	Alignment	whole organism	N2		L1 larva			N/A		2009-09-29	2009-11-16	GSM446652	3' UTR Staged 454 Sequencing - L1 - alignments	
2328	Piano	Piano	Caenorhabditis elegans	released	alignments	Alignment	whole organism	N2		L2 larva			N/A		2009-09-29	2009-11-16	GSM446653	3' UTR Staged 454 Sequencing - L2 - alignments	
2329	Piano	Piano	Caenorhabditis elegans	released	alignments	Alignment	whole organism	N2		L3 larva			N/A		2009-09-29	2009-11-16	GSM446654	3' UTR Staged 454 Sequencing - L3 - alignments	
2330	Piano	Piano	Caenorhabditis elegans	released	alignments	Alignment	whole organism	N2		L4 larva			N/A		2009-09-29	2009-11-16	GSM446655	3' UTR Staged 454 Sequencing - L4 - alignments	
2331	Piano	Piano	Caenorhabditis elegans	released	alignments	Alignment	whole organism	N2		embryo			N/A		2009-09-29	2009-11-16	GSM446651	3' UTR Staged 454 Sequencing - embryo - alignments	
2332	Piano	Piano	Caenorhabditis elegans	released	alignments	Alignment	whole organism	N2		adult			N/A		2009-09-29	2009-11-16	GSM446656	3' UTR Staged 454 Sequencing - hermaphrodite adult - alignments	
2333	Piano	Piano	Caenorhabditis elegans	released	alignments	Alignment	whole organism	CB1489		adult male			N/A		2009-09-29	2009-11-16	GSM446657	3' UTR Staged 454 Sequencing - male adult - alignments	
2334	Piano	Piano	Caenorhabditis elegans	released	alignments	Alignment	whole organism	DR47		dauer larva			N/A		2009-09-29	2009-11-16	GSM446661	3' UTR Staged 454 Sequencing - daf-11 - alignments	
2335	Piano	Piano	Caenorhabditis elegans	released	alignments	Alignment	whole organism	CB1370		dauer larva			N/A		2009-09-29	2009-11-16	GSM446658	3' UTR Staged 454 Sequencing - daf-2 - alignments	
2336	Piano	Piano	Caenorhabditis elegans	released	alignments	Alignment	whole organism	CB1372		dauer larva			N/A		2009-09-29	2009-11-16	GSM446659	3' UTR Staged 454 Sequencing - daf-7 - alignments	
2337	Piano	Piano	Caenorhabditis elegans	released	alignments	Alignment	whole organism	DR2281		dauer larva			N/A		2009-09-29	2009-11-16	GSM446660	3' UTR Staged 454 Sequencing - daf-9 - alignments	
2338	Lieb	Strome	Caenorhabditis elegans	released	chromatin binding site signal data	ChIP-chip	whole organism	N2		blastula embryo, gastrulating embryo	H3K36me2		Nimblegen		2009-09-30	2009-11-27		Histone_H3K36me2_N2_EEMB_(AB9049_H3K36ME2608457_N2_EEMB)	
2339	Lieb	Strome	Caenorhabditis elegans	released	chromatin binding site signal data	ChIP-chip	whole organism	N2		blastula embryo, gastrulating embryo	H3K9me3		Nimblegen		2009-09-30	2009-11-27		Histone_H3K9me3_N2_EEMB_2_(AB8898_H3K9ME3339901_N2_EEMB)	
2343	Waterston	Waterston	Caenorhabditis elegans	released	alignments, signal data	RNA-seq	whole organism	MT10430		L1 larva			N/A		2009-09-30	2009-11-16	SRX004869	RNAseq - lin-35(n745) mid-L1 25dC 4.0hrs post-L1 sequences & alignments	
2345	Waterston	Waterston	Caenorhabditis elegans	released	alignments, signal data	RNA-seq	whole organism	BA671		adult			N/A		2009-09-30	2009-11-16	SRX008136	RNAseq - Adult spe-9 23dC 8days post-L4 molt sequences & alignment	
2346	Waterston	Waterston	Caenorhabditis elegans	released	alignments, signal data	RNA-seq	whole organism	CB1489		embryo			N/A		2009-09-30	2009-11-16	SRX011569	RNAseq - embryo him-8 20dC post-L1 sequences & alignments	
2347	Waterston	Waterston	Caenorhabditis elegans	released	alignments, signal data	RNA-seq	whole organism	CB1370		dauer larva			N/A		2009-09-30	2009-11-16	SRX008138	RNAseq - dauer daf-2 25dC 91hrs post-L1 sequences & alignments	
2349	Waterston	Waterston	Caenorhabditis elegans	released	alignments, signal data	RNA-seq	whole organism	CB1370		post dauer stage			N/A		2009-09-30	2009-11-16	SRX008140	RNAseq - dauer exit daf-2 25dC 91hrs 15dC 12hrs post-L1 sequences & alignments	
2351	Waterston	Waterston	Caenorhabditis elegans	released	alignments, signal data	RNA-seq	whole organism	N2		L2 larva			N/A		2009-10-01	2009-11-19	SRX001872	RNAseq - mid-L2 25dC 14 hrs post-L1 sequences & alignments	
2352	Waterston	Waterston	Caenorhabditis elegans	released	alignments, signal data	RNA-seq	whole organism	N2		L3 larva			N/A		2009-10-01	2009-11-19	SRX001875	RNAseq - mid-L3 25dC 25hrs post-L1 sequences & alignments	
2353	Waterston	Waterston	Caenorhabditis elegans	released	alignments, signal data	RNA-seq	whole organism	N2		L4 larva			N/A		2009-10-01	2009-11-19	SRX001874	RNAseq - mid-L4 25dC 36hrs post-L1 sequences & alignments	
2354	Waterston	Waterston	Caenorhabditis elegans	released	alignments, signal data	RNA-seq	whole organism	N2		newly molted young adult hermaphrodite			N/A		2009-10-01	2009-11-16	SRX001873	RNAseq - Young Adult 25dC 46hrs post-L1 sequences & alignment	
2364	Lieb	Strome	Caenorhabditis elegans	released	chromatin binding site signal data	ChIP-chip	whole organism	N2		blastula embryo, gastrulating embryo	No Antibody Control		Nimblegen		2009-10-01	2009-11-27		Negative_control_No_Antibody_N2_EEMB_(NA_N2_EEMB)	
2382	Lieb	Strome	Caenorhabditis elegans	released	chromatin binding site signal data	ChIP-chip	whole organism	N2		blastula embryo, gastrulating embryo	na		Nimblegen		2009-10-02	2009-11-27		Negative_control_Antibody_N2_EEMB_(SS00050_IGG_N2_EEMB)	
2387	Waterston	Waterston	Caenorhabditis elegans	released	alignments, signal data	RNA-seq	whole organism	CB1370		L2d-dauer molt			N/A		2009-10-02	2009-11-16	SRX008139	RNAseq - dauer entry daf-2 25dC 48hrs post-L1 sequences & alignments	
2398	Lieb	Ahringer	Caenorhabditis elegans	released	chromatin binding site signal data	ChIP-chip	whole organism	N2		L3 larva	H3K9me3		Nimblegen		2009-10-07	2010-02-17		Histone_H3K9me3_N2_L3_(HK00009_H3K9ME32F3_N2_L3)	
2399	Lieb	Ahringer	Caenorhabditis elegans	released	chromatin binding site signal data	ChIP-chip	whole organism	N2		L3 larva	H3K36me3		Nimblegen		2009-10-07	2010-02-17		Histone_H3K36me2_N2_L3_(HK00012_H3K36ME22C3_N2_L3)	
2400	Lieb	Ahringer	Caenorhabditis elegans	released	chromatin binding site signal data	ChIP-chip	whole organism	N2		L3 larva	H3K27me3		Nimblegen		2009-10-08	2010-02-17		Histone_H3K27me3_N2_L3_(HK00013_H3K27ME31E7_N2_L3)	
2401	Lieb	Ahringer	Caenorhabditis elegans	released	chromatin binding site signal data	ChIP-chip	whole organism	N2		L3 larva	H3K36me3		Nimblegen		2009-10-08	2010-02-17		Histone_H3K36me3_N2_L3_(HK00001_H3K36ME313C9_N2_L3)	
2402	Lieb	Ahringer	Caenorhabditis elegans	released	chromatin binding site signal data	ChIP-chip	whole organism	N2		L3 larva	H3K4me2		Nimblegen		2009-10-08	2010-02-17		Histone_H3K4me2_N2_L3_(WA30834809_H3K4ME2_N2_L3)	
2406	Lieb	Ahringer	Caenorhabditis elegans	released	chromatin binding site signal data	ChIP-chip	whole organism	N2		L3 larva	H3K9me2		Nimblegen		2009-10-11	2010-02-17		Histone_H3K9me2_N2_L3_(HK00008_H3K9ME26D11_N2_L3)	
2407	Lieb	Ahringer	Caenorhabditis elegans	released	chromatin binding site signal data	ChIP-chip	whole organism	N2		L3 larva	histone H3		Nimblegen		2009-10-11	2010-02-17		Histone_H3_N2_L3_2_(AR0144_H3144_N2_L3)	
2408	Lieb	Ahringer	Caenorhabditis elegans	released	chromatin binding site signal data	ChIP-chip	whole organism	N2		L3 larva	histone H3		Nimblegen		2009-10-11	2010-02-17		Histone_H3_N2_L3_1_(AR0144_H3144_N2_L3_LM)	
2409	Lieb	Ahringer	Caenorhabditis elegans	released	chromatin binding site signal data	ChIP-chip	whole organism	N2		L3 larva	Histone H3		Nimblegen		2009-10-12	2010-02-17		Histone_H3_N2_L3_(AB1791_H3_N2_L3_new)	
2410	Lieb	Lieb	Caenorhabditis elegans	released	chromatin binding site signal data	ChIP-chip	whole organism	N2		blastula embryo, gastrulating embryo	H3K4me3		Nimblegen		2009-10-12	2009-11-27		Histone_H3K79me1_N2_EEMB_(AB2886_H3K79ME1361912_N2_EEMB)	
2416	Snyder	Snyder	Caenorhabditis elegans	released	chromatin binding site signal data	ChIP-seq	whole organism	OP32		embryo	dpy-27		N/A		2009-10-13	2009-11-28	GSM388727	Snyder_DPY27_GFP_emb	Snyder_DPY27_GFP_emb_combined_peaks.GFF3
2417	Snyder	Snyder	Caenorhabditis elegans	released	chromatin binding site signal data	ChIP-seq	whole organism	OP81		L3 larva	eor-1		N/A		2009-10-13	2009-11-28	GSM435301	Snyder_EOR-1_GFP_L3	Snyder_EOR-1_GFP_L3_combined_peaks.GFF3
2418	Snyder	Snyder	Caenorhabditis elegans	released	chromatin binding site signal data	ChIP-seq	whole organism	OP74		L3 larva	hlh-8		N/A		2009-10-13	2009-11-28	GSM435317	Snyder_HLH-8_GFP_L3	Snyder_HLH-8_GFP_L3_combined_peaks.GFF3
2429	Snyder	Snyder	Caenorhabditis elegans	released	chromatin binding site signal data	ChIP-seq	whole organism	OP62		L2 larva	lin-11		N/A		2009-10-13	2009-11-28		Snyder_LIN-11_GFP_L2	Snyder_LIN-11_GFP_L2_combined_peaks.GFF3
2430	Snyder	Snyder	Caenorhabditis elegans	released	chromatin binding site signal data	ChIP-seq	whole organism	OP77		L1 larva	unc-130		N/A		2009-10-13	2009-11-28		Snyder_UNC-130_GFP_L1	Snyder_UNC-130_GFP_L1_combined_peaks.GFF3
2431	Snyder	Snyder	Caenorhabditis elegans	released	chromatin binding site signal data	ChIP-seq	whole organism	OP64		embryo	hlh-1		N/A		2009-10-13	2009-11-28		Snyder_HLH-1_GFP_emb	Snyder_HLH-1_GFP_emb_combined_peaks.GFF3
2432	Snyder	Snyder	Caenorhabditis elegans	released	chromatin binding site signal data	ChIP-seq	whole organism	OP18		L3 larva	lin-39		N/A		2009-10-13	2009-11-28		Snyder_LIN-39_GFP_L3	Snyder_LIN-39-GFP_L3_combined_peaks.GFF3
2433	Snyder	Snyder	Caenorhabditis elegans	released	chromatin binding site signal data	ChIP-seq	whole organism	OP90		L2 larva	nhr-6		N/A		2009-10-13	2009-11-28		Snyder_NHR-6_GFP_L2	Snyder_NHR-6_GFP_L2_combined_peaks.GFF3
2434	Snyder	Snyder	Caenorhabditis elegans	released	chromatin binding site signal data	ChIP-seq	whole organism	OP200		L2 larva	alr-1		N/A		2009-10-13	2009-11-27		Snyder_ALR-1_GFP_L2	Snyder_ALR-1_GFP_L2_combined_peaks.GFF3
2435	Snyder	Snyder	Caenorhabditis elegans	released	chromatin binding site signal data	ChIP-seq	whole organism	N2		blastula embryo, gastrulating embryo	RNA Polymerase II		N/A		2009-10-13	2009-11-28		Snyder_N2_POLII_eemb	Snyder_N2_POLII_eemb_combined_peaks.GFF3
2436	Snyder	Snyder	Caenorhabditis elegans	released	chromatin binding site signal data	ChIP-seq	whole organism	N2		elongating embryo, enclosing embryo, fully-elongated embryo, late cleavage stage embryo	RNA Polymerase II		N/A		2009-10-13	2009-11-28		Snyder_N2_POLII_lemb	Snyder_N2_POLII_lemb_combined_peaks.GFF3
2437	Snyder	Snyder	Caenorhabditis elegans	released	chromatin binding site signal data	ChIP-seq	whole organism	N2		L1 larva	RNA Polymerase II		N/A		2009-10-13	2009-11-28		Snyder_N2_POLII_L1	Snyder_N2_POLII_L1_combined_peaks.GFF3
2438	Snyder	Snyder	Caenorhabditis elegans	released	chromatin binding site signal data	ChIP-seq	whole organism	N2		L2 larva	RNA Polymerase II		N/A		2009-10-13	2009-11-28		Snyder_N2_POLII_L2	Snyder_N2_POLII_L2_combined_peaks.GFF3
2439	Snyder	Snyder	Caenorhabditis elegans	released	chromatin binding site signal data	ChIP-seq	whole organism	N2		L3 larva	RNA Polymerase II		N/A		2009-10-13	2009-11-28		Snyder_N2_POLII_L3	Snyder_N2_POLII_L3_combined_peaks.GFF3
2440	Snyder	Snyder	Caenorhabditis elegans	released	chromatin binding site signal data	ChIP-seq	whole organism	N2		L4 larva	RNA Polymerase II		N/A		2009-10-13	2009-11-28		Snyder_N2_POLII_L4	Snyder_N2_POLII_L4_combined_peaks.GFF3
2441	Snyder	Snyder	Caenorhabditis elegans	released	chromatin binding site signal data	ChIP-seq	whole organism	N2		newly molted young adult hermaphrodite	RNA Polymerase II		N/A		2009-10-13	2009-11-28		Snyder_N2_POLII_YA	Snyder_N2_POLII_YA_combined_peaks.GFF3
2442	Lieb	Lieb	Caenorhabditis elegans	released	chromatin binding site signal data	ChIP-chip	whole organism	N2		blastula embryo, gastrulating embryo	H3K79me2		Nimblegen		2009-10-13	2009-11-27		Histone_H3K79me2_N2_EEMB_(AB3594_H3K79ME2346021_N2_EEMB)	
2443	Lieb	Lieb	Caenorhabditis elegans	released	chromatin binding site signal data	ChIP-chip	whole organism	N2		blastula embryo, gastrulating embryo	H3K79me3		Nimblegen		2009-10-14	2009-11-27		Histone_H3K79me3_N2_EEMB_(AB2621_H3K79ME3361576_N2_EEMB)	
2444	Lieb	Strome	Caenorhabditis elegans	released	chromatin binding site signal data	ChIP-chip	whole organism	N2		blastula embryo, gastrulating embryo	H3K9me2		Nimblegen		2009-10-14	2009-11-27		Histone_H3K9me2_N2_EEMB_(HK00008_H3K9ME26D11_N2_EEMB)	
2445	Lieb	Strome	Caenorhabditis elegans	released	chromatin binding site signal data	ChIP-chip	whole organism	N2		blastula embryo, gastrulating embryo	H3K4me2		Nimblegen		2009-10-15	2009-11-27		Histone_H3K4me2_N2_EEMB_(WA30834809_H3K4ME2_N2_EEMB)	
2446	Lieb	Desai	Caenorhabditis elegans	released	chromatin binding site signal data	ChIP-chip	whole organism	N2		proliferating embryo	worm_genes:hcp-3		Nimblegen		2009-10-15	2010-02-17		HCP-3_CENP-A_N2_MXEMB_(OD00079_HCP3_N2_MXEMB)	
2450	Snyder	Snyder	Caenorhabditis elegans	released	chromatin binding site signal data	ChIP-seq	whole organism	OP87		L4 larva	pes-1		N/A		2009-10-15	2009-11-28		Snyder_PES1_GFP_L4	Snyder_PES1_GFP_L4_combined_peaks.GFF3
2451	Snyder	Snyder	Caenorhabditis elegans	released	chromatin binding site signal data	ChIP-seq	whole organism	OP179		L4 larva	gei-11		N/A		2009-10-15	2009-11-28		Snyder_GEI11_GFP_L4	Snyder_GEI11_GFP_L4_combined_peaks.GFF3
2452	Snyder	Snyder	Caenorhabditis elegans	released	chromatin binding site signal data	ChIP-seq	whole organism	OP37		L2 larva	pha-4		N/A		2009-10-15	2009-11-28		Snyder_PHA4_GFP_L2	Snyder_PHA4_GFP_L2_combined_peaks.GFF3
2453	Snyder	Snyder	Caenorhabditis elegans	released	chromatin binding site signal data	ChIP-seq	whole organism	OP54		L3 larva	egl-5		N/A		2009-10-15	2009-11-28		Snyder_EGL5_GFP_L3	Snyder_EGL5_GFP_L3_combined_peaks.GFF3
2454	Waterston	Miller	Caenorhabditis elegans	released	transcript fragments, signal data	ChIP-chip	hypodermis	NC1790		L3-L4 molt	dpy-7		Affymetrix		2009-10-15	2009-11-19		L3-L4 hypodermal cells tiling array	L3-L4-hypodermis_tars_maxgap30_minrun100_thresh9.87.gff3
2455	Piano	Piano	Caenorhabditis elegans	released	raw sequences	RNA-seq	whole organism	N2		L1 larva			N/A		2009-10-18	2009-11-04	GSM446652	3' UTR Staged 454 Sequencing - L1 - sequences	
2456	Piano	Piano	Caenorhabditis elegans	released	raw sequences	RNA-seq	whole organism	N2		L2 larva			N/A		2009-10-18	2009-11-04	GSM446653	3' UTR Staged 454 Sequencing - L2 - sequences	
2457	Piano	Piano	Caenorhabditis elegans	released	raw sequences	RNA-seq	whole organism	N2		L3 larva			N/A		2009-10-18	2009-11-04	GSM446654	3' UTR Staged 454 Sequencing - L3 - sequences	
2458	Piano	Piano	Caenorhabditis elegans	released	raw sequences	RNA-seq	whole organism	N2		L4 larva			N/A		2009-10-18	2009-11-04	GSM446655	3' UTR Staged 454 Sequencing - L4 - sequences	
2459	Piano	Piano	Caenorhabditis elegans	released	raw sequences	RNA-seq	whole organism	CB1489		adult male			N/A		2009-10-18	2009-11-04	GSM446657	3' UTR Staged 454 Sequencing - male adult - sequences	
2460	Piano	Piano	Caenorhabditis elegans	released	raw sequences	RNA-seq	whole organism	N2		adult			N/A		2009-10-18	2009-11-04	GSM446656	3' UTR Staged 454 Sequencing - hermaphrodite adult - sequences	
2461	Piano	Piano	Caenorhabditis elegans	released	raw sequences	RNA-seq	whole organism	CB1370		dauer larva			N/A		2009-10-18	2009-11-04	GSM446658	3' UTR Staged 454 Sequencing - daf-2 - sequences	
2462	Piano	Piano	Caenorhabditis elegans	released	raw sequences	RNA-seq	whole organism	CB1372		dauer larva			N/A		2009-10-18	2009-11-04	GSM446659	3' UTR Staged 454 Sequencing - daf-7 - sequences	
2463	Piano	Piano	Caenorhabditis elegans	released	raw sequences	RNA-seq	whole organism	DR2281		dauer larva			N/A		2009-10-18	2009-11-04	GSM446660	3' UTR Staged 454 Sequencing - daf-9 - sequences	
2464	Piano	Piano	Caenorhabditis elegans	released	raw sequences	RNA-seq	whole organism	DR47		dauer larva			N/A		2009-10-18	2009-11-04	GSM446661	3' UTR Staged 454 Sequencing - daf-11 - sequences	
2465	Piano	Piano	Caenorhabditis elegans	released	raw sequences	RNA-seq	whole organism	N2		embryo			N/A		2009-10-19	2009-11-06	GSM446651	3' UTR Staged 454 Sequencing - embryo - sequences	
2482	Piano	Piano	Caenorhabditis elegans	released	alignments	RNA-seq	whole organism	N2		L1 larva, L2 larva, L3 larva, L4 larva, adult, embryo, larva			N/A		2009-10-16	2009-11-19	GSM469976	3' UTRome 454 sequencing & alignment	
2483	Piano	Rajewsky	Caenorhabditis elegans	released	raw sequences	RNA-seq	whole organism	TX189		embryo			N/A		2009-10-14	2009-11-17	GSM427346	smallRNA from mixed-stage embryos (GSM427346)	
2484	Piano	Piano	Caenorhabditis elegans	released	alignments	Alignment	whole organism	N2		L1 larva, L2 larva, L3 larva, L4 larva, adult, embryo, larva			N/A		2009-10-06	2009-11-19	GSM469439	3' UTRome Solexa sequencing & alignment	
2485	Piano	Rajewsky	Caenorhabditis elegans	released	raw sequences	RNA-seq	whole organism	TX189		2-cell embryo, 4-cell embryo		methanol fixative	N/A		2009-10-16	2009-11-17	GSM427297	smallRNAs from two-to-four cell C. elegans embryos (GSM427297)	
2486	Piano	Rajewsky	Caenorhabditis elegans	released	raw sequences	RNA-seq	whole organism	TX189		1-cell embryo		methanol fixative	N/A		2009-10-16	2009-11-17	GSM427301	smallRNAs from one cell stage C. elegans embryos (GSM427301)	
2487	Piano	Rajewsky	Caenorhabditis elegans	released	raw sequences	RNA-seq	whole organism	TX189		elongating embryo, enclosing embryo, fully-elongated embryo, late cleavage stage embryo		water fixative	N/A		2009-10-16	2009-11-17	GSM427332	smallRNAs from post-gastrulation C. elegans embryos (GSM427332)	
2488	Piano	Rajewsky	Caenorhabditis elegans	released	raw sequences	RNA-seq	whole organism	TX189		12-cell embryo, 28-cell embryo, elongating embryo, enclosing embryo, fully-elongated embryo, gastrulating embryo, late cleavage stage embryo		methanol fixative	N/A		2009-10-16	2009-11-17	GSM427344	smallRNAs from older, fixed C. elegans embryos (GSM427344)	
2489	Piano	Rajewsky	Caenorhabditis elegans	released	raw sequences	RNA-seq	whole organism	TX189		1-cell embryo		water fixative	N/A		2009-10-16	2009-11-17	GSM427345	small RNAs from living one cell C. elegans embryos (GSM427345)	
2499	Waterston	Miller	Caenorhabditis elegans	released	transcript fragments, signal data	RNA tiling array	BAG	MT17370		embryo			Affymetrix		2009-11-04	2010-02-13		embryo_BAG_neurons_tiling_array	emb-BAG_tars_maxgap30_minrun100_thresh9.36.gff3
2500	Waterston	Miller	Caenorhabditis elegans	released	transcript fragments, signal data	RNA tiling array	PVC	NC2015		embryo			Affymetrix		2009-11-05	2010-02-15		embryo_PVC_neurons_tiling_array	emb-PVC_tars_maxgap30_minrun100_thresh9.60.gff3
2501	Piano	Piano	Caenorhabditis elegans	released	N/A (metadata only)	RACE sample creation	whole organism	N2		L1 larva, L2 larva, L3 larva, L4 larva, adult, embryo, larva			N/A		2009-11-09	2009-11-19		3' UTRome sample pools	
2531	Henikoff	Henikoff	Caenorhabditis elegans	released	signal data	Chromatin-chip		JJ2061		proliferating embryo		80mM sodium chloride	Nimblegen		2009-11-27	2009-11-30	GSM468561	80_mM_Embryonic_Salt_Extracted_Chromatin	
2532	Henikoff	Henikoff	Caenorhabditis elegans	released	signal data	Chromatin-chip		JJ2061		proliferating embryo		600mM sodium chloride	Nimblegen		2009-11-27	2009-11-30	GSM468562	600_mM_Embryonic_Salt_Extracted_Chromatin	
2533	Henikoff	Henikoff	Caenorhabditis elegans	released	signal data	Chromatin-chip		JJ2061		proliferating embryo		600mM sodium chloride	Nimblegen		2009-11-27	2009-11-30	GSM468571	600_mM_Embryonic_Salt_Extracted_Chromatin_Pellet	
2534	Henikoff	Henikoff	Caenorhabditis elegans	released	signal data	Chromatin-chip		JJ2061		proliferating embryo		80mM sodium chloride	Nimblegen		2009-11-27	2009-11-30	GSM468564	H3.3_80_mM_Salt_Extracted_Chromatin	
2535	Henikoff	Henikoff	Caenorhabditis elegans	released	signal data	Chromatin-chip		JJ2061		proliferating embryo		350mM sodium chloride	Nimblegen		2009-11-27	2009-11-30	GSM468560	H3.3_350_mM_Salt_Extracted_Chromatin	
2536	Henikoff	Henikoff	Caenorhabditis elegans	released	signal data	Chromatin-chip		JJ2061		proliferating embryo		600mM sodium chloride	Nimblegen		2009-11-27	2009-11-30	GSM468563	H3.3_600_mM_Salt_Extracted_Chromatin	
2537	Henikoff	Henikoff	Caenorhabditis elegans	released	signal data	Chromatin-chip		JJ2061		proliferating embryo		80mM sodium chloride	Nimblegen		2009-11-27	2009-11-30	GSM468574	Embryonic_Mononucleosomes	
2538	Henikoff	Henikoff	Caenorhabditis elegans	released	signal data	Chromatin-chip		JJ2061		newly molted young adult hermaphrodite		80mM sodium chloride	Nimblegen		2009-11-27	2009-11-30	GSM468565	Adult_Mononucleosomes	
2539	Lieb	Ahringer	Caenorhabditis elegans	released	N/A (metadata only)	RNA sample creation	whole organism	N2		L3 larva	N/A		N/A		2009-11-29	2010-02-17		Ahringer_L3_Worm_Samples_1	
2540	Lieb	Ahringer	Caenorhabditis elegans	released	N/A (metadata only)	RNA sample creation	whole organism	N2		L3 larva	N/A		N/A		2009-11-30	2010-02-17		Ahringer_L3_Worm_Samples_2	
2541	Lieb	Strome	Caenorhabditis elegans	released	chromatin binding site signal data	ChIP-chip	whole organism	N2		blastula embryo, gastrulating embryo	worm_genes:hcp-3		Nimblegen		2009-12-09	2010-02-17		HCP-3_CENP-A_N2_EEMB_(OD00079_HCP3_N2_EEMB)	
2548	Waterston	Miller	Caenorhabditis elegans	released	transcript fragments, signal data	RNA tiling array	pharyngeal muscle cell	NC1293		embryo			Affymetrix		2009-12-17	2010-02-13		embryo_pharyngeal_muscle_tiling_array	emb-PhM_tars_maxgap30_minrun100_thresh8.36.gff3
2580	Waterston	Waterston	Caenorhabditis elegans	released	alignments, signal data	RNA-seq	whole organism	N2		newly molted young adult hermaphrodite			N/A		2010-01-08	2010-02-04	SRX014006	RNA-Seq - pathogen Harposporium 25dC 24hr exposure post-adulthood N2 sequences & alignments	
2581	Waterston	Waterston	Caenorhabditis elegans	released	alignments, signal data	RNA-seq	whole organism	N2		newly molted young adult hermaphrodite			N/A		2010-01-10	2010-02-04	SRX014007	RNA-Seq - pathogen Harposporium control OP50 25dC 24hr exposure post-adulthood N2 sequences & alignments	
2582	Waterston	Waterston	Caenorhabditis elegans	released	alignments, signal data	RNA-seq	whole organism	N2		newly molted young adult hermaphrodite			N/A		2010-01-10	2010-02-04	SRX014008	RNA-seq - pathogen Smacescens 25dC 24hr exposure post-adulthood N2 sequences & alignment	
2583	Waterston	Waterston	Caenorhabditis elegans	released	alignments, signal data	RNA-seq	whole organism	JK1107		L4 larva			N/A		2010-01-10	2010-02-04	SRX014010	RNA-seq - soma-only mid-L4 25dC 36hrs post-L1 JK1107 sequences & alignments	
2584	Waterston	Waterston	Caenorhabditis elegans	released	alignments, signal data	RNA-seq	whole organism	N2		newly molted young adult hermaphrodite			N/A		2010-01-10	2010-02-04	SRX014009	RNA-Seq - pathogen Smacescens control OP50 25dC 24hr exposure post-adulthood N2 sequences & alignments	
2587	Waterston	Waterston	Caenorhabditis elegans	released	signal data	Computational annotation	whole organism	N2		newly molted young adult hermaphrodite			N/A		2010-01-14	2010-02-25	SRX014006	RNA-Seq - pathogen Harposporium 25dC 24hr exposure post-adulthood N2 genelets	Adult_Harposporium_exposed_2_24hrs.genelets.RNASEQ.ws170.gff3, Adult_Harposporium_exposed_2_24hrs.wormbase_transcripts.ws170.gff3
2588	Waterston	Waterston	Caenorhabditis elegans	released	signal data	Computational annotation	whole organism	N2		newly molted young adult hermaphrodite			N/A		2010-01-14	2010-02-25	SRX014007	RNA-Seq - pathogen Harposporium control OP50 25dC 24hr exposure post-adulthood N2 genelets	Adult_Harposporium_control_EcoliOP50_exposed_2_24hrs.wormbase_transcripts.ws170.gff3, Adult_Harposporium_control_EcoliOP50_exposed_2_24hrs.genelets.RNASEQ.ws170.gff3
2589	Waterston	Waterston	Caenorhabditis elegans	released	signal data	Computational annotation	whole organism	N2		newly molted young adult hermaphrodite			N/A		2010-01-14	2010-02-25	SRX014008	RNA-seq - pathogen Smacescens 25dC 24hr exposure post-adulthood N2 genelets	Adult_S_macescens_Db10_exposed_1_24hrs.wormbase_transcripts.ws170.gff3, Adult_S_macescens_Db10_exposed_1_24hrs.genelets.RNASEQ.ws170.gff3, 
2590	Waterston	Waterston	Caenorhabditis elegans	released	signal data	Computational annotation	whole organism	JK1107		L4 larva			N/A		2010-01-14	2010-02-25	SRX014010	RNA-seq - soma-only mid-L4 25dC 36hrs post-L1 JK1107 genelets	L4_soma_JK1107_no_DNaseI.wormbase_transcripts.ws170.gff3, L4_soma_JK1107_no_DNaseI.genelets.RNASEQ.ws170.gff3
2591	Waterston	Waterston	Caenorhabditis elegans	released	signal data	Computational annotation	whole organism	N2		newly molted young adult hermaphrodite			N/A		2010-01-14	2010-02-25	SRX014009	RNA-Seq - pathogen Smacescens control OP50 25dC 24hr exposure post-adulthood N2 genelets	Adult_S_macescens_Db10_control_EcoliOP50_exposed_1_24hrs.genelets.RNASEQ.ws170.gff3, Adult_S_macescens_Db10_control_EcoliOP50_exposed_1_24hrs.wormbase_transcripts.ws170.gff3
2596	Snyder	Snyder	Caenorhabditis elegans	released	chromatin binding site signal data	ChIP-seq	whole organism	OP81		L3 larva	eor-1		N/A		2010-01-20	2010-02-18		Snyder_EOR-1_POLII_L3	Snyder_EOR-1_POLII_L3_combined_peaks.GFF3
2597	Snyder	Snyder	Caenorhabditis elegans	released	chromatin binding site signal data	ChIP-seq	whole organism	OP74		L3 larva	hlh-8		N/A		2010-01-20	2010-02-17		Snyder_HLH-8_POLII_L3	Snyder_HLH-8_POLII_L3_combined_peaks.GFF3
2598	Snyder	Snyder	Caenorhabditis elegans	released	chromatin binding site signal data	ChIP-seq	whole organism	OP37		elongating embryo, gastrulating embryo, late cleavage stage embryo	pha-4		N/A		2010-01-20	2010-02-17		Snyder_PHA4_GFP_lemb	Snyder_PHA4_GFP_lemb_combined_peaks.GFF3
2599	Snyder	Snyder	Caenorhabditis elegans	released	chromatin binding site signal data	ChIP-seq	whole organism	OP37		newly molted young adult hermaphrodite	pha-4		N/A		2010-01-20	2010-02-17		Snyder_PHA4_GFP_YA	Snyder_PHA4_GFP_YA_combined_peaks.GFF3
2600	Snyder	Snyder	Caenorhabditis elegans	released	chromatin binding site signal data	ChIP-seq	whole organism	WBGene00003218		embryo	mep-1		N/A		2010-01-20	2010-02-17		Snyder_MEP-1_GFP_emb	Snyder_MEP-1_GFP_emb_combined_peaks.GFF3
2601	Snyder	Snyder	Caenorhabditis elegans	released	chromatin binding site signal data	ChIP-seq	whole organism	OP106		L1 larva	mdl-1		N/A		2010-01-20	2010-02-17		Snyder_MDL-1_GFP_L1	Snyder_MDL-1_GFP_L1_combined_peaks.GFF3
2604	Lieb	Strome	Caenorhabditis elegans	released	chromatin binding site signal data	ChIP-chip	whole organism	N2		blastula embryo, gastrulating embryo	H3K36me1		Nimblegen		2010-01-21	2010-02-14		Histone_H3K36me1_N2_EEMB_(AB9048_H3K36ME1206009_N2_EEMB)	
2610	Snyder	Snyder	Caenorhabditis elegans	released	chromatin binding site signal data	ChIP-seq	whole organism	OP184		L3 larva	lin-15B		N/A		2010-01-22	2010-02-17		Snyder_LIN-15B_GFP_L3	Snyder_LIN-15B_GFP_L3_combined_peaks.GFF3
2612	Snyder	Snyder	Caenorhabditis elegans	released	chromatin binding site signal data	ChIP-seq	whole organism	OP109		L1 larva	blmp-1		N/A		2010-01-22	2010-02-17		Snyder_BLMP-1_GFP_L1	Snyder_BLMP-1_GFP_L1_combined_peaks.GFF3
2613	Snyder	Snyder	Caenorhabditis elegans	released	chromatin binding site signal data	ChIP-seq	whole organism	OP51		embryo	lin-13		N/A		2010-01-22	2010-02-17		Snyder_LIN-13_GFP_emb	Snyder_LIN-13_GFP_emb_combined_peaks.GFF3
2614	Snyder	Snyder	Caenorhabditis elegans	released	chromatin binding site signal data	ChIP-seq	whole organism	OP75		L1 larva	elt-3		N/A		2010-01-22	2010-02-17		Snyder_ELT-3_GFP_L1	Snyder_ELT-3_GFP_L1_combined_peaks.GFF3
2616	Snyder	Snyder	Caenorhabditis elegans	released	chromatin binding site signal data	ChIP-seq	whole organism	OP54		L3 larva	egl-5		N/A		2010-01-22	2010-02-17		Snyder_EGL5_POLII_L3	Snyder_EGL-5_POLII_L3_combined_peaks.GFF3
2617	Snyder	Snyder	Caenorhabditis elegans	released	chromatin binding site signal data	ChIP-seq	whole organism	OP199		L3 larva	nhr-105		N/A		2010-01-22	2010-02-18		Snyder_NHR-105_GFP_L3	Snyder_NHR-105_GFP_L3_combined_peaks.GFF3
2620	Snyder	Snyder	Caenorhabditis elegans	released	chromatin binding site signal data	ChIP-seq	whole organism	OP120		elongating embryo, gastrulating embryo, late cleavage stage embryo	ceh-30		N/A		2010-01-22	2010-02-18		Snyder_CEH-30_GFP_lemb	Snyder_CEH-30_GFP_lemb_combined_peaks.GFF3
2621	Snyder	Snyder	Caenorhabditis elegans	released	chromatin binding site signal data	ChIP-seq	whole organism	OP177		L1 larva	egl-27		N/A		2010-01-22	2010-02-18		Snyder_EGL-27_GFP_L1	Snyder_EGL-27_GFP_L1_combined_peaks.GFF3
2622	Snyder	Snyder	Caenorhabditis elegans	released	chromatin binding site signal data	ChIP-seq	whole organism	WBGene00004804		L1 larva	skn-1		N/A		2010-01-22	2010-02-18		Snyder_SKN-1_GFP_L1	Snyder_SKN-1_GFP_L1_combined_peaks.GFF3
2623	Snyder	Snyder	Caenorhabditis elegans	released	chromatin binding site signal data	ChIP-seq	whole organism	OP201		L3 larva	pqm-1		N/A		2010-01-22	2010-02-18		Snyder_PQM-1_GFP_L3	Snyder_PQM-1_GFP_L3_combined_peaks.GFF3
2645	Lieb	Strome	Caenorhabditis elegans	released	chromatin binding site signal data	ChIP-chip	whole organism	N2		blastula embryo, gastrulating embryo	H3K4me2		Nimblegen		2010-01-26	2010-02-18		Histone_H3K4me2_N2_EEMB_(MP07030_H3K4ME2DAM1570816_N2_EEMB)	
2646	Lieb	Strome	Caenorhabditis elegans	released	chromatin binding site signal data	ChIP-chip	whole organism	N2		blastula embryo, gastrulating embryo	H3K9me1		Nimblegen		2010-01-26	2010-02-18		Histone_H3K9me1_N2_EEMB_(AB9045_H3K9ME1291918_N2_EEMB)	
2647	Waterston	Waterston	Caenorhabditis elegans	released	splice sites	Computational annotation							N/A		2010-01-26	2010-02-19		RNAseq - 0911 aggregate fourteen stages - non-redundant exons	C_elegans_nrexon_v2.0.ws190.gff3
2718	Waterston	Green	Caenorhabditis elegans	released	splice sites, alignments, trace reads, EST alignments	RACE	whole organism	N2		L1 larva, L2 larva, L3 larva, L4 larva, adult, all stages, dauer larva, embryo			N/A		2010-01-28	2010-02-13		Intron Confirmation Chromosome I 2010-01-28	set.20100126.2_3_2_2_4_3_3_2_2_2.ws180.gff
2720	Waterston	Green	Caenorhabditis elegans	released	alignments, trace reads, transcript fragments, EST alignments, primer, SL2_acceptor_site, spliced_leader_RNA, SL1_acceptor_site	RACE	whole organism	N2		L1 larva, L2 larva, L3 larva, L4 larva, adult, all stages, dauer larva, embryo			N/A		2010-01-28	2010-02-17		SL Acceptor Site Confirmation 2010-01-28	set.20100203.2_3_2_2_4_3_3_2_3_3.ws180.gff
2726	Lieb	Strome	Caenorhabditis elegans	released	chromatin binding site signal data	ChIP-chip	whole organism	N2		blastula embryo, gastrulating embryo	H3K4me1		Nimblegen		2010-01-29	2010-02-18		Histone_H3K4me1_N2_EEMB_(AB8895_H3K4ME1733246_N2_EEMB)	
2727	Lieb	Strome	Caenorhabditis elegans	released	chromatin binding site signal data	ChIP-chip	whole organism	N2		blastula embryo, gastrulating embryo	H3K27ac		Nimblegen		2010-01-29	2010-02-18		Histone_H3K27ac_N2_EEMB_(WA30634849_H3K27AC_N2_EEMB)	
2728	Lieb	Strome	Caenorhabditis elegans	released	chromatin binding site signal data	ChIP-chip	whole organism	N2		blastula embryo, gastrulating embryo	H3K9ac		Nimblegen		2010-01-29	2010-02-18		Histone_H3K9ac_N2_EEMB_(AB4441_H3K9AC_N2_EEMB)	
2729	Lieb	Lieb	Caenorhabditis elegans	released	chromatin binding site signal data	ChIP-chip	whole organism	N2		embryo	worm_genes:lem-2, worm_genes:lem-2		Nimblegen		2010-01-29	2010-02-18		LEM-2_N2_MXEMB_(SDQ3891_LEM2_N2_MXEMB)	
2730	Waterston	Slack	Caenorhabditis elegans	released	alignments	RNA-seq	whole organism	BA671		newly molted young adult hermaphrodite			N/A		2010-01-29	2010-02-13	GSM463029	Day0_spe-9 Solexa Raw Data SOAP-aligned	
2732	Waterston	Slack	Caenorhabditis elegans	released	alignments	RNA-seq	whole organism	BA671		5-days post-L4 adult hermaphrodite			N/A		2010-01-29	2010-02-13	GSM463026	Day5_spe-9 Solexa Raw Data SOAP-aligned	
2733	Waterston	Slack	Caenorhabditis elegans	released	alignments	RNA-seq	whole organism	BA671		7-10 days post-L4 adult hermaphrodite			N/A		2010-01-29	2010-02-13	GSM463030	Day8_spe-9 Solexa Raw Data SOAP-aligned	
2734	Waterston	Slack	Caenorhabditis elegans	released	alignments	RNA-seq	whole organism	BA671		adult hermaphrodite			N/A		2010-01-29	2010-02-13	GSM463028	Day12_spe-9 Solexa Raw Data SOAP-aligned	
2738	Lieb	Lieb	Caenorhabditis elegans	released	chromatin binding site signal data	ChIP-chip	whole organism	N2		embryo	worm_genes:npp-13		Nimblegen		2010-01-29	2010-02-18		NPP-13_N2_MXEMB_(SDQ3897_NPP13_N2_MXEMB)	
2739	Lieb	Strome	Caenorhabditis elegans	released	chromatin binding site signal data	ChIP-chip	whole organism	N2		blastula embryo, gastrulating embryo	H3K9me1		Nimblegen		2010-01-29	2010-02-18		Histone_H3K9me1_N2_EEMB_(AB8896_H3K9ME1104560_N2_EEMB)	
2740	Lieb	Strome	Caenorhabditis elegans	released	chromatin binding site signal data	ChIP-chip	whole organism	N2		blastula embryo, gastrulating embryo	H3K27ac		Nimblegen		2010-01-29	2010-02-18		Histone_H3K27ac_N2_EEMB_(AB4729_H3K27AC361571_N2_EEMB)	
2745	Piano	Piano	Caenorhabditis elegans	released	splice sites, transcription/coding junctions, gene models, polyA_site, polyA_signal_sequence	Computational annotation							N/A		2010-01-29	2010-02-18	GSM446652	UTRome_V2_3UTRs_multiple_evidences	CEUP_UTRs.gff3
2763	Lieb	Lieb	Caenorhabditis elegans	released	N/A (metadata only)	RNA sample creation	whole organism	N2		proliferating embryo	N/A		N/A		2010-02-01	2010-02-18	GSE20136	Mononucleosomes_N2_MXEMB	
2764	Lieb	Lieb	Caenorhabditis elegans	released	N/A (metadata only)	RNA sample creation	whole organism	JK1107		newly molted young adult hermaphrodite	N/A		N/A		2010-02-01	2010-02-18	GSE20136	Mononucleosomes_JK1107_AD	
2765	Lieb	Strome	Caenorhabditis elegans	released	chromatin binding site signal data	ChIP-chip	whole organism	N2		blastula embryo, gastrulating embryo	H4K20me1		Nimblegen		2010-02-01	2010-02-17		Histone_H3K20me1_N2_EEMB_(AB9051_H4K20ME1104513_N2_EEMB)	
2766	Lieb	Strome	Caenorhabditis elegans	released	chromatin binding site signal data	ChIP-chip	whole organism	N2		blastula embryo, gastrulating embryo	H4tetraac		Nimblegen		2010-02-01	2010-02-17		Histone_H4_Tetra_ac_N2_EEMB_(LPAR109_H4TETRAAC109_N2_EEMB)	
2767	Lieb	Lieb	Caenorhabditis elegans	released	chromatin binding site signal data	ChIP-chip	whole organism	N2		embryo	worm_genes:cbp-1, worm_genes:cbp-1		Nimblegen		2010-02-01	2010-02-17		CBP-1_N2_MXEMB_(SDQ3582_CBP1_N2_MXEMB)	
2768	Lieb	Ahringer	Caenorhabditis elegans	released	chromatin binding site signal data	ChIP-chip	whole organism	N2		L3 larva	fly_genes:KH4		Nimblegen		2010-02-01	2010-02-17		Histone_H4_N2_L3_(MP05858_H4DAM1636076_N2_L3)	
2770	Lieb	Ahringer	Caenorhabditis elegans	released	chromatin binding site signal data	ChIP-chip	whole organism	N2		L3 larva	H3K9me1		Nimblegen		2010-02-01	2010-02-17		Histone_H3K9me1_N2_L3_(AB9045_H3K9ME1291918_N2_L3)	
2771	Lieb	Ahringer	Caenorhabditis elegans	released	chromatin binding site signal data	ChIP-chip	whole organism	N2		L3 larva	H3K27ac		Nimblegen		2010-02-01	2010-02-17		Histone_H3K27ac_N2_L3_(AB4729_H3K27AC361571_N2_L3)	
2773	Lieb	Ahringer	Caenorhabditis elegans	released	chromatin binding site signal data	ChIP-chip	whole organism	N2		L3 larva	H3K27ac		Nimblegen		2010-02-01	2010-02-17		Histone_H3K27ac_N2_L3_(WA30634849_H3K27AC_N2_L3)	
2774	Lieb	Ahringer	Caenorhabditis elegans	released	chromatin binding site signal data	ChIP-chip	whole organism	N2		L3 larva	fly_genes:His4:CG31611		Nimblegen		2010-02-01	2010-02-17		Histone_H4K8ac_N2_L3_(AB15823_H4K8AC487128_N2_L3)	
2775	Lieb	Ahringer	Caenorhabditis elegans	released	chromatin binding site signal data	ChIP-chip	whole organism	N2		L3 larva	H3K4me1		Nimblegen		2010-02-01	2010-02-17		Histone_H3K4me1_N2_L3_(AB8895_H3K4ME1733246_N2_L3)	
2776	Waterston	Slack	Caenorhabditis elegans	released	experimental_feature, miRNA, alignments	Computational annotation	whole organism	N2		embryo			N/A		2010-02-01	2010-02-13	GSM336052	Embryo_miRNA_expression_change	embryo_miRNA_0210.gff3
2777	Waterston	Slack	Caenorhabditis elegans	released	experimental_feature, miRNA, alignments	Computational annotation	whole organism	N2		L1 larva			N/A		2010-02-01	2010-02-13	GSM336055	mid-L1_miRNA_expression_change	mid-L1_miRNA_0210.gff3
2778	Waterston	Slack	Caenorhabditis elegans	released	experimental_feature, miRNA, alignments	Computational annotation	whole organism	N2		L2 larva			N/A		2010-02-01	2010-02-13	GSM336056	mid-L2_miRNA_expression_change	mid-L2_miRNA_0210.gff3
2779	Waterston	Slack	Caenorhabditis elegans	released	experimental_feature, miRNA, alignments	Computational annotation	whole organism	N2		L3 larva			N/A		2010-02-01	2010-02-13	GSM336058	mid-L3_miRNA_expression_change	mid-L3_miRNA_0210.gff3
2780	Waterston	Slack	Caenorhabditis elegans	released	experimental_feature, miRNA, alignments	Computational annotation	whole organism	N2		L4 larva			N/A		2010-02-01	2010-02-13	GSM336059	mid-L4_miRNA_expression_change	mid-L4_miRNA_0210.gff3
2781	Waterston	Slack	Caenorhabditis elegans	released	experimental_feature, miRNA, alignments	Computational annotation	whole organism	N2		newly molted young adult hermaphrodite			N/A		2010-02-01	2010-02-13	GSM336060	young-adult_miRNA_expression_change	young-adult_miRNA_0210.gff3
2782	Waterston	Slack	Caenorhabditis elegans	released	experimental_feature, miRNA, alignments	Computational annotation	whole organism	CB4689		adult male			N/A		2010-02-01	2010-02-13	GSM336086	male-yAd_miRNA_expression_change	male-yAd_miRNA_0210.gff3
2784	Lieb	Ahringer	Caenorhabditis elegans	released	chromatin binding site signal data	ChIP-chip	whole organism	N2		L3 larva	H4K20me1		Nimblegen		2010-02-01	2010-02-17		Histone_H4K20me1_N2_L3_(AB9051_H4K20ME1104513_N2_L3)	
2785	Waterston	Slack	Caenorhabditis elegans	released	experimental_feature, miRNA, alignments	Computational annotation	whole organism	BA671		newly molted young adult hermaphrodite			N/A		2010-02-01	2010-02-13	GSM463029	Day0_spe-9_23dC_miRNA_expression_change	Day0-spe-9_miRNA_0210.gff3
2786	Waterston	Slack	Caenorhabditis elegans	released	experimental_feature, miRNA, alignments	Computational annotation	whole organism	BA671		5-days post-L4 adult hermaphrodite			N/A		2010-02-01	2010-02-13	GSM463026	Day5_spe-9_23dC_miRNA_expression_change	Day5-spe-9_miRNA_0210.gff3
2787	Waterston	Slack	Caenorhabditis elegans	released	experimental_feature, miRNA, alignments	Computational annotation	whole organism	BA671		7-10 days post-L4 adult hermaphrodite			N/A		2010-02-01	2010-02-13	GSM463030	Day8_spe-9_23dC_miRNA_expression_change	Day8-spe-9_miRNA_0210.gff3
2788	Waterston	Slack	Caenorhabditis elegans	released	experimental_feature, miRNA, alignments	Computational annotation	whole organism	BA671		adult hermaphrodite			N/A		2010-02-01	2010-02-13	GSM463028	Day12_spe-9_23dC_miRNA_expression_change	Day12-spe-9_miRNA_0210.gff3
2821	Piano	Kim	Caenorhabditis elegans	released	alignments	RNA-seq	whole organism	GR1373		newly molted young adult hermaphrodite			N/A		2010-02-02	2010-02-14		small RNA Illumina sequencing of eri-1(mg366)	
2822	Piano	Kim	Caenorhabditis elegans	released	alignments	RNA-seq	whole organism	SS104		newly molted young adult hermaphrodite			N/A		2010-02-02	2010-02-14		small RNA Illumina sequencing of glp-4(bn2)	
2823	Piano	Piano	Caenorhabditis elegans	released	alignments	RNA-seq	spermatid	CB1489		adult male			N/A		2010-02-02	2010-02-15		small RNA Illumina sequencing of him-8 sperm	
2825	Piano	Kim	Caenorhabditis elegans	released	alignments	RNA-seq	whole organism	N2		L1 larva, L2 larva, L3 larva, L4 larva, adult, embryo, larva			N/A		2010-02-02	2010-02-14		small RNA Illumina sequencing of N2 whole worms	
2826	Piano	Kim	Caenorhabditis elegans	released	alignments	RNA-seq	whole organism	N2		embryo			N/A		2010-02-02	2010-02-15		small RNA Illumina sequencing of N2 embryos	
2827	Piano	Piano	Caenorhabditis elegans	released	alignments	RNA-seq	whole organism	GR1373		newly molted young adult hermaphrodite			N/A		2010-02-02	2010-02-14	???	small RNA 454 sequencing of eri-1(mg366)	
2828	Piano	Piano	Caenorhabditis elegans	released	alignments	RNA-seq	whole organism	SS104		newly molted young adult hermaphrodite			N/A		2010-02-02	2010-02-14		small RNA 454 sequencing of glp-4(bn2)	
2829	Piano	Piano	Caenorhabditis elegans	released	alignments	RNA-seq	spermatid	CB1489		adult male			N/A		2010-02-02	2010-02-14		small RNA 454 sequencing of him-8 sperm	
2830	Piano	Kim	Caenorhabditis elegans	released	alignments	RNA-seq	oocyte	BA1		adult male			N/A		2010-02-02	2010-02-15		small RNA Illumina sequencing of fer-1 unfertilized oocytes	
2831	Piano	Piano	Caenorhabditis elegans	released	alignments	RNA-seq	whole organism	N2		newly molted young adult hermaphrodite			N/A		2010-02-02	2010-02-14		small RNA 454 sequencing of N2 young adults	
2832	Piano	Piano	Caenorhabditis elegans	released	alignments	RNA-seq	oocyte	BA1		adult male			N/A		2010-02-02	2010-02-14		small RNA 454 sequencing of fer-1 unfertilized oocytes	
2835	Waterston	Waterston	Caenorhabditis elegans	released	splice sites, transcription/coding junctions, gene models, EST alignments, experimental_feature, polyA_site, SL2_acceptor_site, SL1_acceptor_site, signal data	Computational annotation	whole organism	BA671		adult			N/A		2010-01-16	2010-02-25	SRX008136	RNAseq - Adult spe-9 23dC 8days post-L4 molt genelets revised	Adult_spe-9_23dC_8days_post-L4_molt.genelets.RNASEQ.ws170.gff3, Adult_spe-9_23dC_8days_post-L4_molt.wormbase_transcripts.ws170.gff3
2836	Waterston	Waterston	Caenorhabditis elegans	released	splice sites, transcription/coding junctions, gene models, EST alignments, experimental_feature, polyA_site, SL2_acceptor_site, SL1_acceptor_site, signal data	Computational annotation	whole organism	N2		newly molted young adult hermaphrodite			N/A		2010-01-16	2010-02-25	SRX001873	RNAseq - Young Adult 25dC 46hrs post-L1 genelets revised	Young_Adult_25dC_46hrs_post-L1.genelets.RNASEQ.ws170.gff3, Young_Adult_25dC_46hrs_post-L1.wormbase_transcripts.ws170.gff3
2837	Waterston	Waterston	Caenorhabditis elegans	released	splice sites, transcription/coding junctions, gene models, EST alignments, experimental_feature, polyA_site, SL2_acceptor_site, SL1_acceptor_site, signal data	Computational annotation	whole organism	CB1370		dauer larva			N/A		2010-01-16	2010-02-25	SRX008138	RNAseq - dauer daf-2 25dC 91hrs post-L1 genelets revised	dauer_daf-2_25dC_91hrs_post-L1.genelets.RNASEQ.ws170.gff3, dauer_daf-2_25dC_91hrs_post-L1.wormbase_transcripts.ws170.gff3
2838	Waterston	Waterston	Caenorhabditis elegans	released	splice sites, transcription/coding junctions, gene models, EST alignments, experimental_feature, polyA_site, SL2_acceptor_site, SL1_acceptor_site, signal data	Computational annotation	whole organism	CB1370		L2d-dauer molt			N/A		2010-01-16	2010-02-25	SRX008139	RNAseq - dauer entry daf-2 25dC 48hrs post-L1 genelets revised	dauer_entry_daf-2_25dC_48hrs_post-L1.wormbase_transcripts.ws170.gff3, dauer_entry_daf-2_25dC_48hrs_post-L1.genelets.RNASEQ.ws170.gff3
2839	Waterston	Waterston	Caenorhabditis elegans	released	splice sites, transcription/coding junctions, gene models, EST alignments, experimental_feature, polyA_site, SL2_acceptor_site, SL1_acceptor_site, signal data	Computational annotation	whole organism	CB1370		post dauer stage			N/A		2010-01-16	2010-02-25	SRX008140	RNAseq - dauer exit daf-2 25dC 91hrs 15dC 12hrs post-L1 genelets revised	dauer_exit_daf-2_25dC_91hrs_15dC_12hrs_post-L1.wormbase_transcripts.ws170.gff3, dauer_exit_daf-2_25dC_91hrs_15dC_12hrs_post-L1.genelets.RNASEQ.ws170.gff3
2840	Waterston	Waterston	Caenorhabditis elegans	released	splice sites, transcription/coding junctions, gene models, EST alignments, experimental_feature, polyA_site, SL2_acceptor_site, SL1_acceptor_site, signal data	Computational annotation	whole organism	N2		blastula embryo, gastrulating embryo			N/A		2010-01-16	2010-02-18	SRX004863, SRX004864	RNAseq - early embryo genelets revised	early_embryo.wormbase_transcripts.ws170.gff3, early_embryo.genelets.RNASEQ.ws170.gff3
2841	Waterston	Waterston	Caenorhabditis elegans	released	splice sites, transcription/coding junctions, gene models, EST alignments, experimental_feature, polyA_site, SL2_acceptor_site, SL1_acceptor_site, signal data	Computational annotation	whole organism	CB1489		embryo			N/A		2010-01-16	2010-02-25	SRX011569	RNAseq - embryo him-8 20dC post-L1 genelets revised	embryo_him-8_20dC_post-L1.genelets.RNASEQ.ws170.gff3, embryo_him-8_20dC_post-L1.wormbase_transcripts.ws170.gff3
2842	Waterston	Waterston	Caenorhabditis elegans	released	splice sites, transcription/coding junctions, gene models, EST alignments, experimental_feature, polyA_site, SL2_acceptor_site, SL1_acceptor_site, signal data	Computational annotation	whole organism	N2		elongating embryo, enclosing embryo, fully-elongated embryo, late cleavage stage embryo			N/A		2010-01-16	2010-02-25	SRX004865, SRX004866	RNAseq - late embryo 20dC 4.5hrs post-early embryo genelets revised	late_embryo_20dC_4.5hrs_post-early_embryo.genelets.RNASEQ.ws170.gff3, late_embryo_20dC_4.5hrs_post-early_embryo.wormbase_transcripts.ws170.gff3
2843	Waterston	Waterston	Caenorhabditis elegans	released	splice sites, transcription/coding junctions, gene models, EST alignments, experimental_feature, polyA_site, SL2_acceptor_site, SL1_acceptor_site, signal data	Computational annotation	whole organism	MT10430		L1 larva			N/A		2010-01-16	2010-02-25	SRX004869	RNAseq - lin-35(n745) mid-L1 25dC 4.0hrs post-L1 genelets revised	lin-35(n745)_mid-L1_25dC_4.0hrs_post-L1.genelets.RNASEQ.ws170.gff3, lin-35(n745)_mid-L1_25dC_4.0hrs_post-L1.wormbase_transcripts.ws170.gff3
2844	Waterston	Waterston	Caenorhabditis elegans	released	splice sites, transcription/coding junctions, gene models, EST alignments, experimental_feature, polyA_site, SL2_acceptor_site, SL1_acceptor_site, signal data	Computational annotation	whole organism	CB4689		L4 larva male			N/A		2010-01-16	2010-02-25	SRX004868	RNAseq - male mid-L4 dpy28(y1);him-8(e1489) 25dC 30hrs post-L1 genelets revised	male_mid-L4_25dC_30hrs_post-L1.wormbase_transcripts.ws170.gff3, male_mid-L4_25dC_30hrs_post-L1.genelets.RNASEQ.ws170.gff3
2845	Waterston	Waterston	Caenorhabditis elegans	released	splice sites, transcription/coding junctions, gene models, EST alignments, experimental_feature, polyA_site, SL2_acceptor_site, SL1_acceptor_site, signal data	Computational annotation	whole organism	N2		L1 larva			N/A		2010-01-16	2010-02-25	SRX004867	RNAseq - mid-L1 20dC 4hrs post-L1 genelets revised	mid-L1_20dC_4hrs_post-L1.wormbase_transcripts.ws170.gff3, mid-L1_20dC_4hrs_post-L1.genelets.RNASEQ.ws170.gff3
2846	Waterston	Waterston	Caenorhabditis elegans	released	splice sites, transcription/coding junctions, gene models, EST alignments, experimental_feature, polyA_site, SL2_acceptor_site, SL1_acceptor_site, signal data	Computational annotation	whole organism	N2		L2 larva			N/A		2010-01-16	2010-02-25	SRX001872	RNAseq - mid-L2 25dC 14hrs post-L1 genelets revised	mid-L2_25dC_14hrs_post-L1.wormbase_transcripts.ws170.gff3, mid-L2_25dC_14hrs_post-L1.genelets.RNASEQ.ws170.gff3
2847	Waterston	Waterston	Caenorhabditis elegans	released	splice sites, transcription/coding junctions, gene models, EST alignments, experimental_feature, polyA_site, SL2_acceptor_site, SL1_acceptor_site, signal data	Computational annotation	whole organism	N2		L3 larva			N/A		2010-01-16	2010-02-25	SRX001875	RNAseq - mid-L3 25dC 25hrs post-L1 genelets revised	mid-L3_25dC_25hrs_post-L1.wormbase_transcripts.ws170.gff3, mid-L3_25dC_25hrs_post-L1.genelets.RNASEQ.ws170.gff3
2848	Waterston	Waterston	Caenorhabditis elegans	released	splice sites, transcription/coding junctions, gene models, EST alignments, experimental_feature, polyA_site, SL2_acceptor_site, SL1_acceptor_site, signal data	Computational annotation	whole organism	N2		L4 larva			N/A		2010-01-16	2010-02-15	SRX001874	RNAseq - mid-L4 25dC 36hrs post-L1 genelets revised	mid-L4_25dC_36hrs_post-L1.genelets.RNASEQ.ws170.gff3, mid-L4_25dC_36hrs_post-L1.wormbase_transcripts.ws170.gff3
2850	Waterston	Waterston	Caenorhabditis elegans	released	splice sites, transcription/coding junctions, gene models, EST alignments, experimental_feature, polyA_site, SL2_acceptor_site, SL1_acceptor_site, signal data	Computational annotation	whole organism	BA671		adult			N/A		2010-02-16	2011-02-15		Adult spe-9 integrated transcripts from RNA-seq, mRNA/EST, RTPCR, mass-spec, polyA sites, and SLs	Adult_spe-9_23dC_8days_post-L4_molt.integrated_transcripts.ws170.gff3
2851	Waterston	Waterston	Caenorhabditis elegans	released	splice sites, transcription/coding junctions, gene models, EST alignments, experimental_feature, polyA_site, SL2_acceptor_site, SL1_acceptor_site, signal data	Computational annotation	whole organism	N2		newly molted young adult hermaphrodite			N/A		2010-02-16	2012-02-15		Young Adult N2 integrated transcripts from RNA-seq, mRNA/EST, RTPCR, mass-spec, polyA sites, and SLs	Young_Adult_25dC_46hrs_post-L1.integrated_transcripts.ws170.gff3
2852	Waterston	Waterston	Caenorhabditis elegans	released	splice sites, transcription/coding junctions, gene models, EST alignments, experimental_feature, polyA_site, SL2_acceptor_site, SL1_acceptor_site, signal data	Computational annotation	whole organism	CB1370		dauer larva			N/A		2010-02-16	2013-02-15		dauer daf-2 integrated transcripts from RNA-seq, mRNA/EST, RTPCR, mass-spec, polyA sites, and SLs	dauer_daf-2_25dC_91hrs_post-L1.integrated_transcripts.ws170.gff3
2853	Waterston	Waterston	Caenorhabditis elegans	released	splice sites, transcription/coding junctions, gene models, EST alignments, experimental_feature, polyA_site, SL2_acceptor_site, SL1_acceptor_site, signal data	Computational annotation	whole organism	CB1370		L2d-dauer molt			N/A		2010-02-16	2014-02-15		dauer entry daf-2 integrated transcripts from RNA-seq, mRNA/EST, RTPCR, mass-spec, polyA sites, and SLs	dauer_entry_daf-2_25dC_48hrs_post-L1.integrated_transcripts.ws170.gff3
2854	Waterston	Waterston	Caenorhabditis elegans	released	splice sites, transcription/coding junctions, gene models, EST alignments, experimental_feature, polyA_site, SL2_acceptor_site, SL1_acceptor_site, signal data	Computational annotation	whole organism	CB1370		post dauer stage			N/A		2010-02-16	2015-02-15		dauer exit daf-2 integrated transcripts from RNA-seq, mRNA/EST, RTPCR, mass-spec, polyA sites, and SLs	dauer_exit_daf-2_25dC_91hrs_15dC_12hrs_post-L1.integrated_transcripts.ws170.gff3
2855	Waterston	Waterston	Caenorhabditis elegans	released	splice sites, transcription/coding junctions, gene models, EST alignments, experimental_feature, polyA_site, SL2_acceptor_site, SL1_acceptor_site, signal data	Computational annotation	whole organism	N2		blastula embryo, gastrulating embryo			N/A		2010-02-16	2016-02-15		early embryo N2 integrated transcripts from RNA-seq, mRNA/EST, RTPCR, mass-spec, polyA sites, and SLs	early_embryo.integrated_transcripts.ws170.gff3
2856	Waterston	Waterston	Caenorhabditis elegans	released	splice sites, transcription/coding junctions, gene models, EST alignments, experimental_feature, polyA_site, SL2_acceptor_site, SL1_acceptor_site, signal data	Computational annotation	whole organism	CB1489		embryo			N/A		2010-02-16	2017-02-15		embryo him-8 integrated transcripts from RNA-seq, mRNA/EST, RTPCR, mass-spec, polyA sites, and SLs	embryo_him-8_20dC_post-L1.integrated_transcripts.ws170.gff3
2857	Waterston	Waterston	Caenorhabditis elegans	released	splice sites, transcription/coding junctions, gene models, EST alignments, experimental_feature, polyA_site, SL2_acceptor_site, SL1_acceptor_site, signal data	Computational annotation	whole organism	N2		elongating embryo, enclosing embryo, fully-elongated embryo, late cleavage stage embryo			N/A		2010-02-16	2018-02-15		late embryo N2 integrated transcripts from RNA-seq, mRNA/EST, RTPCR, mass-spec, polyA sites, and SLs	late_embryo_20dC_4.5hrs_post-early_embryo.integrated_transcripts.ws170.gff3
2858	Waterston	Waterston	Caenorhabditis elegans	released	splice sites, transcription/coding junctions, gene models, EST alignments, experimental_feature, polyA_site, SL2_acceptor_site, SL1_acceptor_site, signal data	Computational annotation	whole organism	MT10430		L1 larva			N/A		2010-02-16	2019-02-15		L1 lin-35(n745) integrated transcripts from RNA-seq, mRNA/EST, RTPCR, mass-spec, and wormbase splice junctions	lin-35(n745)_mid-L1_25dC_4.0hrs_post-L1.integrated_transcripts.ws170.gff3
2859	Waterston	Waterston	Caenorhabditis elegans	released	splice sites, transcription/coding junctions, gene models, EST alignments, experimental_feature, polyA_site, SL2_acceptor_site, SL1_acceptor_site, signal data	Computational annotation	whole organism	CB4689		L4 larva male			N/A		2010-02-16	2020-02-15		L4 male integrated transcripts from RNA-seq, mRNA/EST, RTPCR, mass-spec, polyA sites, and SLs	male_mid-L4_25dC_30hrs_post-L1.integrated_transcripts.ws170.gff3
2860	Waterston	Waterston	Caenorhabditis elegans	released	splice sites, transcription/coding junctions, gene models, EST alignments, experimental_feature, polyA_site, SL2_acceptor_site, SL1_acceptor_site, signal data	Computational annotation	whole organism	N2		L1 larva			N/A		2010-02-16	2021-02-15		L1 N2 integrated transcripts from RNA-seq, mRNA/EST, RTPCR, mass-spec, polyA sites, and SLs	mid-L1_20dC_4hrs_post-L1.integrated_transcripts.ws170.gff3
2861	Waterston	Waterston	Caenorhabditis elegans	released	splice sites, transcription/coding junctions, gene models, EST alignments, experimental_feature, polyA_site, SL2_acceptor_site, SL1_acceptor_site, signal data	Computational annotation	whole organism	N2		L2 larva			N/A		2010-02-16	2022-02-15		L2 N2 integrated transcripts from RNA-seq, mRNA/EST, RTPCR, mass-spec, polyA sites, and SLs	mid-L2_20dC_14hrs_post-L1.integrated_transcripts.ws170.gff3
2862	Waterston	Waterston	Caenorhabditis elegans	released	splice sites, transcription/coding junctions, gene models, EST alignments, experimental_feature, polyA_site, SL2_acceptor_site, SL1_acceptor_site, signal data	Computational annotation	whole organism	N2		L3 larva			N/A		2010-02-16	2023-02-15		L3 N2 integrated transcripts from RNA-seq, mRNA/EST, RTPCR, mass-spec, polyA sites, and SLs	mid-L3_20dC_25hrs_post-L1.integrated_transcripts.ws170.gff3
2863	Waterston	Waterston	Caenorhabditis elegans	released	splice sites, transcription/coding junctions, gene models, EST alignments, experimental_feature, polyA_site, SL2_acceptor_site, SL1_acceptor_site, signal data	Computational annotation	whole organism	N2		L4 larva			N/A		2010-02-16	2024-02-15		L4 N2 integrated transcripts from RNA-seq, mRNA/EST, RTPCR, mass-spec, polyA sites, and SLs	mid-L4_20dC_36hrs_post-L1.integrated_transcripts.ws170.gff3
